2025-08-22T10:02:56.436435,0.498700886964798
2025-08-22T10:03:25.586106,0.4343295991420746
2025-08-22T10:03:55.649129,0.4603572487831116
2025-08-22T10:04:26.494382,0.4872337579727173
2025-08-22T10:04:56.608101,0.46292203664779663
2025-08-22T10:05:27.943697,0.5007623434066772
2025-08-22T10:05:56.926315,0.4450400471687317
2025-08-22T10:06:25.127463,0.39174607396125793
2025-08-22T10:06:52.772600,0.4085316061973572
2025-08-22T10:07:20.570461,0.38884931802749634
2025-08-22T10:07:49.248863,0.3586124777793884
2025-08-22T10:08:18.091569,0.40408581495285034
2025-08-22T10:08:46.966282,0.369935005903244
2025-08-22T10:09:15.848824,0.3228534162044525
2025-08-22T10:09:45.731048,0.36378538608551025
2025-08-22T10:10:15.168810,0.3433728516101837
2025-08-22T10:10:44.213166,0.3228054940700531
2025-08-22T10:11:14.447416,0.4046798348426819
2025-08-22T10:11:43.172419,0.31911298632621765
2025-08-22T10:12:11.501518,0.2953019142150879
2025-08-22T10:12:40.413395,0.32962852716445923
2025-08-22T10:13:09.083568,0.32337990403175354
2025-08-22T10:13:37.558303,0.22848916053771973
2025-08-22T10:14:06.666618,0.29091310501098633
2025-08-22T10:14:35.419652,0.21831518411636353
2025-08-22T10:15:04.514390,0.31350135803222656
2025-08-22T10:15:33.311685,0.23811891674995422
2025-08-22T10:16:03.209170,0.3389885425567627
2025-08-22T10:16:32.457466,0.2738373279571533
2025-08-22T10:17:00.870555,0.2140074074268341
2025-08-22T10:17:29.124824,0.23994317650794983
2025-08-22T10:17:57.794759,0.31284862756729126
2025-08-22T10:18:25.762441,0.2152714729309082
2025-08-22T10:18:54.904245,0.3826456665992737
2025-08-22T10:19:23.627296,0.28287065029144287
2025-08-22T10:19:52.076798,0.3158115744590759
2025-08-22T10:20:19.957439,0.21327367424964905
2025-08-22T10:20:47.741054,0.19545364379882812
2025-08-22T10:21:15.383944,0.19077780842781067
2025-08-22T10:21:42.977836,0.23827144503593445
2025-08-22T10:22:10.020962,0.22217535972595215
2025-08-22T10:22:37.406958,0.2616994380950928
2025-08-22T10:23:05.132370,0.20496511459350586
2025-08-22T10:23:33.472770,0.2212221771478653
2025-08-22T10:24:01.467360,0.24611201882362366
2025-08-22T10:24:29.374373,0.18793684244155884
2025-08-22T10:24:57.774443,0.22083856165409088
2025-08-22T10:25:25.553077,0.21774521470069885
2025-08-22T10:25:53.912673,0.2588549256324768
2025-08-22T10:26:22.492346,0.30365699529647827
2025-08-22T10:26:50.119506,0.19993925094604492
2025-08-22T10:27:18.073445,0.271113783121109
2025-08-22T10:27:45.119115,0.1775650978088379
2025-08-22T10:28:12.278555,0.19623833894729614
2025-08-22T10:28:40.347408,0.21112912893295288
2025-08-22T10:29:08.576737,0.27471309900283813
2025-08-22T10:29:36.664192,0.19440090656280518
2025-08-22T10:30:04.773899,0.15081778168678284
2025-08-22T10:30:33.013848,0.19772735238075256
2025-08-22T10:31:01.071187,0.17421954870224
2025-08-22T10:31:29.402475,0.2347937822341919
2025-08-22T10:31:57.223896,0.23642903566360474
2025-08-22T10:32:25.599739,0.25910839438438416
2025-08-22T10:32:53.864588,0.27751338481903076
2025-08-22T10:33:22.739831,0.3139922618865967
2025-08-22T10:33:51.530718,0.13289251923561096
2025-08-22T10:34:20.858090,0.23387116193771362
2025-08-22T10:34:50.222821,0.17890331149101257
2025-08-22T10:35:19.506389,0.18902087211608887
2025-08-22T10:35:48.885719,0.21238528192043304
2025-08-22T10:36:19.046317,0.2763345241546631
2025-08-22T10:36:47.570390,0.246436208486557
2025-08-22T10:37:16.322995,0.20818449556827545
2025-08-22T10:37:45.443128,0.23613467812538147
2025-08-22T10:38:14.379740,0.2315097153186798
2025-08-22T10:38:43.276352,0.1940082609653473
2025-08-22T10:39:13.308496,0.35277101397514343
2025-08-22T10:39:41.989753,0.12653064727783203
2025-08-22T10:40:11.075268,0.21187883615493774
2025-08-22T10:40:39.804996,0.2146362066268921
2025-08-22T10:41:08.942955,0.1920531690120697
2025-08-22T10:41:38.121705,0.2809012830257416
2025-08-22T10:42:06.860890,0.3430861830711365
2025-08-22T10:42:35.899325,0.3407660722732544
2025-08-22T10:43:04.563610,0.31828510761260986
2025-08-22T10:43:32.695462,0.1892206072807312
2025-08-22T10:44:00.962002,0.21480749547481537
2025-08-22T10:44:28.507672,0.1522355079650879
2025-08-22T10:44:56.659526,0.20954492688179016
2025-08-22T10:45:24.774401,0.27898579835891724
2025-08-22T10:45:52.967090,0.3175278902053833
2025-08-22T10:46:21.155549,0.21765394508838654
2025-08-22T10:46:49.431356,0.27828308939933777
2025-08-22T10:47:17.424553,0.12597531080245972
2025-08-22T10:47:49.383804,0.33357203006744385
2025-08-22T10:48:21.406248,0.23446989059448242
2025-08-22T10:48:53.975663,0.2172071784734726
2025-08-22T10:49:26.482048,0.3248476982116699
2025-08-22T10:49:59.413168,0.23582138121128082
2025-08-22T10:50:33.003331,0.38769644498825073
2025-08-22T10:51:05.615830,0.18923109769821167
2025-08-22T10:51:37.847779,0.27615588903427124
2025-08-22T10:52:09.175438,0.2352929413318634
2025-08-22T10:52:39.546570,0.17097730934619904
2025-08-22T10:53:17.387592,0.17285341024398804
2025-08-22T10:53:51.957003,0.15435361862182617
2025-08-22T10:54:21.136970,0.2793044149875641
2025-08-22T10:54:50.330648,0.2556133270263672
2025-08-22T10:55:18.633666,0.12683406472206116
2025-08-22T10:55:46.878312,0.19599202275276184
2025-08-22T10:56:15.931641,0.2122870683670044
2025-08-22T10:56:44.167049,0.19228419661521912
2025-08-22T10:57:12.169635,0.12709592282772064
2025-08-22T10:57:40.139115,0.14863371849060059
2025-08-22T10:58:08.885184,0.21125957369804382
2025-08-22T10:58:37.865337,0.2082531452178955
2025-08-22T10:59:07.214804,0.23230403661727905
2025-08-22T10:59:36.478521,0.27618545293807983
2025-08-22T11:00:05.244869,0.22884145379066467
2025-08-22T11:00:34.129801,0.2311457097530365
2025-08-22T11:01:02.105014,0.10736159980297089
2025-08-22T11:01:30.861017,0.29459434747695923
2025-08-22T11:01:59.411719,0.2790384292602539
2025-08-22T11:02:27.245951,0.25971415638923645
2025-08-22T11:02:55.098930,0.2170853465795517
2025-08-22T11:03:23.340184,0.38076382875442505
2025-08-22T11:03:51.322730,0.21256013214588165
2025-08-22T11:04:19.627004,0.2554146349430084
2025-08-22T11:04:48.875831,0.32329848408699036
2025-08-22T11:05:16.862029,0.21595843136310577
2025-08-22T11:05:44.860167,0.21494990587234497
2025-08-22T11:06:12.668767,0.19309817254543304
2025-08-22T11:06:40.714853,0.23928311467170715
2025-08-22T11:07:08.261677,0.16826526820659637
2025-08-22T11:07:36.308772,0.16801026463508606
2025-08-22T11:08:04.591459,0.2153359204530716
2025-08-22T11:08:33.022015,0.2130468338727951
2025-08-22T11:09:01.297000,0.17081207036972046
2025-08-22T11:09:30.343556,0.2352578043937683
2025-08-22T11:09:59.586022,0.23657231032848358
2025-08-22T11:10:28.311739,0.21481682360172272
2025-08-22T11:10:57.256663,0.2131320685148239
2025-08-22T11:11:26.112186,0.2136712670326233
2025-08-22T11:11:54.003410,0.18848761916160583
2025-08-22T11:12:22.790532,0.2794042229652405
2025-08-22T11:12:51.095165,0.19126328825950623
2025-08-22T11:13:19.936157,0.1661136895418167
2025-08-22T11:13:48.795487,0.20915615558624268
2025-08-22T11:14:17.009441,0.1722743809223175
2025-08-22T11:14:45.722449,0.25533393025398254
2025-08-22T11:15:14.522485,0.19444961845874786
2025-08-22T11:15:43.139101,0.29248151183128357
2025-08-22T11:16:11.712056,0.2131744623184204
2025-08-22T11:16:39.459038,0.210667684674263
2025-08-22T11:17:07.472924,0.23924726247787476
2025-08-22T11:17:35.451455,0.2542249262332916
2025-08-22T11:18:03.980803,0.3196260333061218
2025-08-22T11:18:32.170427,0.14634594321250916
2025-08-22T11:19:00.305685,0.23235365748405457
2025-08-22T11:19:28.554836,0.18679916858673096
2025-08-22T11:19:56.614930,0.2747091054916382
2025-08-22T11:20:25.176078,0.37229758501052856
2025-08-22T11:20:53.454582,0.20980559289455414
2025-08-22T11:21:21.411507,0.2341689169406891
2025-08-22T11:21:48.857178,0.17002838850021362
2025-08-22T11:22:16.720706,0.21254274249076843
2025-08-22T11:22:45.017964,0.29589617252349854
2025-08-22T11:23:14.535952,0.33894580602645874
2025-08-22T11:23:43.954141,0.34899306297302246
2025-08-22T11:24:12.718174,0.25134775042533875
2025-08-22T11:24:41.742284,0.2309464067220688
2025-08-22T11:25:11.113910,0.30238187313079834
2025-08-22T11:25:40.010014,0.2557705342769623
2025-08-22T11:26:09.179003,0.32080644369125366
2025-08-22T11:26:37.865923,0.19246631860733032
2025-08-22T11:27:05.878285,0.1688416451215744
2025-08-22T11:27:34.419868,0.23888874053955078
2025-08-22T11:28:02.890390,0.21633920073509216
2025-08-22T11:28:31.506124,0.21217310428619385
2025-08-22T11:29:00.467909,0.1727226823568344
2025-08-22T11:29:29.221469,0.23888370394706726
2025-08-22T11:29:58.133814,0.21686844527721405
2025-08-22T11:30:27.748626,0.2821914553642273
2025-08-22T11:30:56.329770,0.14881758391857147
2025-08-22T11:31:24.841127,0.2526121139526367
2025-08-22T11:31:52.520917,0.12743926048278809
2025-08-22T11:32:19.992197,0.16782717406749725
2025-08-22T11:32:49.075108,0.4408942461013794
2025-08-22T11:33:17.131174,0.23345988988876343
2025-08-22T11:33:45.306898,0.2635103166103363
2025-08-22T11:34:13.302261,0.2776247262954712
2025-08-22T11:34:41.114504,0.12886157631874084
2025-08-22T11:35:09.351444,0.2557244300842285
2025-08-22T11:35:37.214762,0.1911008059978485
2025-08-22T11:36:05.040187,0.21294289827346802
2025-08-22T11:36:32.670930,0.21862752735614777
2025-08-22T11:37:00.093025,0.21353092789649963
2025-08-22T11:37:27.672698,0.1932717114686966
2025-08-22T11:37:55.674657,0.23490138351917267
2025-08-22T11:38:23.734765,0.17016750574111938
2025-08-22T11:38:51.936790,0.27563971281051636
2025-08-22T11:39:20.840702,0.2744937837123871
2025-08-22T11:39:49.891759,0.2349010854959488
2025-08-22T11:40:18.926301,0.23094044625759125
2025-08-22T11:40:48.354326,0.2767159342765808
2025-08-22T11:41:17.235206,0.2727710008621216
2025-08-22T11:41:45.684867,0.25324708223342896
2025-08-22T11:42:14.118681,0.336091548204422
2025-08-22T11:42:42.979641,0.2182682454586029
2025-08-22T11:43:11.902880,0.21115922927856445
2025-08-22T11:43:41.289896,0.2547526955604553
2025-08-22T11:44:09.847834,0.17116987705230713
2025-08-22T11:44:38.597126,0.19540703296661377
2025-08-22T11:45:07.391305,0.16873204708099365
2025-08-22T11:45:36.646953,0.278803288936615
2025-08-22T11:46:05.961200,0.3223532736301422
2025-08-22T11:46:34.331643,0.27717602252960205
2025-08-22T11:47:02.191912,0.21550142765045166
2025-08-22T11:47:29.928983,0.21107080578804016
2025-08-22T11:47:57.813935,0.21722230315208435
2025-08-22T11:48:26.177191,0.2326229065656662
2025-08-22T11:48:54.028080,0.15159818530082703
2025-08-22T11:49:22.407565,0.2796024680137634
2025-08-22T11:49:50.150068,0.22962233424186707
2025-08-22T11:50:17.601886,0.1958720088005066
2025-08-22T11:50:45.285581,0.25839173793792725
2025-08-22T11:51:13.506351,0.3045199513435364
2025-08-22T11:51:46.253794,0.28005796670913696
2025-08-22T11:52:17.049212,0.2543855607509613
2025-08-22T11:52:56.593994,0.2148590087890625
2025-08-22T11:53:29.179155,0.30254554748535156
2025-08-22T11:54:00.431594,0.3198958933353424
2025-08-22T11:54:28.788949,0.26296162605285645
2025-08-22T11:54:57.942644,0.3623770475387573
2025-08-22T11:55:26.395435,0.19119280576705933
2025-08-22T11:55:55.265607,0.2803991138935089
2025-08-22T11:56:23.693949,0.2549647390842438
2025-08-22T11:56:52.462762,0.36303454637527466
2025-08-22T11:57:21.018972,0.33481985330581665
2025-08-22T11:57:49.163190,0.19173577427864075
2025-08-22T11:58:17.665852,0.2161087691783905
2025-08-22T11:58:46.744302,0.29199495911598206
2025-08-22T11:59:15.289439,0.192838653922081
2025-08-22T11:59:44.023669,0.26840612292289734
2025-08-22T12:00:12.367023,0.2595292329788208
2025-08-22T12:00:40.536906,0.23184198141098022
2025-08-22T12:01:09.430888,0.2510126233100891
2025-08-22T12:01:37.067558,0.21678709983825684
2025-08-22T12:02:05.015342,0.29633599519729614
2025-08-22T12:02:32.772269,0.25408226251602173
2025-08-22T12:03:01.159620,0.29289209842681885
2025-08-22T12:03:29.492935,0.2982184886932373
2025-08-22T12:03:57.070836,0.2346443235874176
2025-08-22T12:04:25.225738,0.27676916122436523
2025-08-22T12:04:53.233516,0.2973082363605499
2025-08-22T12:05:21.283748,0.29399389028549194
2025-08-22T12:05:49.292033,0.15336382389068604
2025-08-22T12:06:17.232002,0.21617725491523743
2025-08-22T12:06:44.778239,0.21074867248535156
2025-08-22T12:07:12.688767,0.25537818670272827
2025-08-22T12:07:40.193872,0.21437014639377594
2025-08-22T12:08:08.462489,0.25675565004348755
2025-08-22T12:08:36.684895,0.21374201774597168
2025-08-22T12:09:05.892956,0.23847737908363342
2025-08-22T12:09:33.860173,0.15337836742401123
2025-08-22T12:10:06.795094,0.17653509974479675
2025-08-22T12:10:39.799012,0.31698715686798096
2025-08-22T12:11:11.751910,0.25111499428749084
2025-08-22T12:11:41.815523,0.25661057233810425
2025-08-22T12:12:09.920188,0.29604464769363403
2025-08-22T12:12:37.924281,0.2137211561203003
2025-08-22T12:13:06.763349,0.29491424560546875
2025-08-22T12:13:35.908443,0.36277419328689575
2025-08-22T12:14:04.611090,0.29067379236221313
2025-08-22T12:14:33.552178,0.34206753969192505
2025-08-22T12:15:02.003508,0.23662588000297546
2025-08-22T12:15:30.472231,0.21271096169948578
2025-08-22T12:15:59.054155,0.27552691102027893
2025-08-22T12:16:26.948406,0.2315272092819214
2025-08-22T12:16:54.762737,0.17365485429763794
2025-08-22T12:17:22.461756,0.23894281685352325
2025-08-22T12:17:50.862162,0.19354648888111115
2025-08-22T12:18:20.006046,0.3921068012714386
2025-08-22T12:18:48.136786,0.21322578191757202
2025-08-22T12:19:17.370780,0.3065442442893982
2025-08-22T12:19:45.930485,0.21241304278373718
2025-08-22T12:20:14.653445,0.17448550462722778
2025-08-22T12:20:43.291702,0.17511680722236633
2025-08-22T12:21:12.141258,0.2735033333301544
2025-08-22T12:21:40.531972,0.27643442153930664
2025-08-22T12:22:08.349956,0.19292229413986206
2025-08-22T12:22:36.612591,0.25523388385772705
2025-08-22T12:23:05.184134,0.23722773790359497
2025-08-22T12:23:34.062074,0.3960047662258148
2025-08-22T12:24:01.680603,0.15346506237983704
2025-08-22T12:24:29.835969,0.273684024810791
2025-08-22T12:24:59.133521,0.29946327209472656
2025-08-22T12:25:28.328917,0.255158931016922
2025-08-22T12:25:56.856262,0.2188260555267334
2025-08-22T12:26:16.217887,0.2769995927810669
2025-08-22T12:26:34.322827,0.2313237339258194
2025-08-22T12:26:52.414075,0.27193960547447205
2025-08-22T12:27:11.262618,0.3204115033149719
2025-08-22T12:27:29.334579,0.25562089681625366
2025-08-22T12:27:47.594333,0.2537683844566345
2025-08-22T12:28:05.382132,0.21312150359153748
2025-08-22T12:28:23.566503,0.23720401525497437
2025-08-22T12:28:42.774582,0.5153099298477173
2025-08-22T12:29:00.309755,0.21629129350185394
2025-08-22T12:29:18.050862,0.2555820941925049
2025-08-22T12:29:41.699623,0.31831488013267517
2025-08-22T12:30:10.879298,0.3400331139564514
2025-08-22T12:30:40.145941,0.31291574239730835
2025-08-22T12:31:08.824347,0.2731783986091614
2025-08-22T12:31:39.051313,0.29575151205062866
2025-08-22T12:32:09.267446,0.35675179958343506
2025-08-22T12:32:39.368982,0.25720474123954773
2025-08-22T12:33:10.102097,0.3729115426540375
2025-08-22T12:33:41.267845,0.3514995872974396
2025-08-22T12:34:11.724265,0.2644299268722534
2025-08-22T12:34:42.418059,0.27544546127319336
2025-08-22T12:35:12.739187,0.2210911065340042
2025-08-22T12:35:41.734992,0.26087599992752075
2025-08-22T12:36:10.845108,0.2563673257827759
2025-08-22T12:36:40.182222,0.23791268467903137
2025-08-22T12:37:09.576843,0.36591172218322754
2025-08-22T12:37:39.139824,0.23857596516609192
2025-08-22T12:38:09.397988,0.31240299344062805
2025-08-22T12:38:39.002785,0.27471286058425903
2025-08-22T12:39:08.014742,0.18287205696105957
2025-08-22T12:39:37.557435,0.27351751923561096
2025-08-22T12:40:07.792414,0.3276505470275879
2025-08-22T12:40:38.164342,0.38743531703948975
2025-08-22T12:41:08.262304,0.29270994663238525
2025-08-22T12:41:36.941488,0.25565123558044434
2025-08-22T12:42:06.114704,0.34704113006591797
2025-08-22T12:42:35.391911,0.37400010228157043
2025-08-22T12:43:04.709020,0.3706415593624115
2025-08-22T12:43:33.572717,0.182181715965271
2025-08-22T12:44:03.094640,0.2928595542907715
2025-08-22T12:44:32.966752,0.38395410776138306
2025-08-22T12:45:02.423651,0.2731947898864746
2025-08-22T12:45:31.655508,0.24171915650367737
2025-08-22T12:46:01.980980,0.25925031304359436
2025-08-22T12:46:31.772750,0.29629018902778625
2025-08-22T12:47:01.127103,0.1823890060186386
2025-08-22T12:47:31.040966,0.31169769167900085
2025-08-22T12:47:59.355609,0.2553691864013672
2025-08-22T12:48:28.618388,0.3122376501560211
2025-08-22T12:48:57.616911,0.2700631618499756
2025-08-22T12:49:27.331833,0.23174215853214264
2025-08-22T12:49:57.796016,0.2935413718223572
2025-08-22T12:50:28.242997,0.31479546427726746
2025-08-22T12:50:58.719564,0.25513678789138794
2025-08-22T12:51:29.644142,0.2774510681629181
2025-08-22T12:52:00.380628,0.2559835910797119
2025-08-22T12:52:31.193758,0.23723594844341278
2025-08-22T12:53:02.324808,0.23552478849887848
2025-08-22T12:53:34.173169,0.3724415898323059
2025-08-22T12:54:03.548273,0.21915408968925476
2025-08-22T12:54:33.005451,0.25306767225265503
2025-08-22T12:55:02.308743,0.2407936006784439
2025-08-22T12:55:32.655253,0.2953524589538574
2025-08-22T12:56:03.242778,0.23532480001449585
2025-08-22T12:56:34.388465,0.40938982367515564
2025-08-22T12:57:04.473264,0.2548160254955292
2025-08-22T12:57:35.228651,0.3920288681983948
2025-08-22T12:58:05.364744,0.2984828054904938
2025-08-22T12:58:35.619581,0.20064155757427216
2025-08-22T12:59:06.204682,0.294241726398468
2025-08-22T12:59:36.695332,0.3286205530166626
2025-08-22T13:00:04.701201,0.26989954710006714
2025-08-22T13:00:32.951890,0.175700843334198
2025-08-22T13:01:01.846963,0.297771155834198
2025-08-22T13:01:30.681761,0.21354594826698303
2025-08-22T13:02:00.060994,0.27029991149902344
2025-08-22T13:02:29.138134,0.2573994994163513
2025-08-22T13:02:58.758418,0.3720400929450989
2025-08-22T13:03:28.771363,0.33258605003356934
2025-08-22T13:03:58.024204,0.21461892127990723
2025-08-22T13:04:27.356926,0.31341075897216797
2025-08-22T13:04:56.754974,0.25448668003082275
2025-08-22T13:05:26.599780,0.3717536926269531
2025-08-22T13:05:54.229106,0.2712419033050537
2025-08-22T13:06:22.179335,0.19775345921516418
2025-08-22T13:06:50.630750,0.31175631284713745
2025-08-22T13:07:19.090521,0.25738608837127686
2025-08-22T13:07:48.568256,0.2943054735660553
2025-08-22T13:08:18.247071,0.2578418552875519
2025-08-22T13:08:47.769034,0.23144233226776123
2025-08-22T13:09:25.126382,0.3126305937767029
2025-08-22T13:09:55.941206,0.3704369068145752
2025-08-22T13:10:26.227482,0.35057419538497925
2025-08-22T13:10:56.435692,0.32525569200515747
2025-08-22T13:11:26.410155,0.19957882165908813
2025-08-22T13:11:54.531364,0.17883971333503723
2025-08-22T13:12:23.649462,0.2952852249145508
2025-08-22T13:12:52.476961,0.27734315395355225
2025-08-22T13:13:22.242361,0.3348231613636017
2025-08-22T13:13:52.378625,0.3118947148323059
2025-08-22T13:14:21.528382,0.17989924550056458
2025-08-22T13:14:50.796332,0.14230462908744812
2025-08-22T13:15:21.301723,0.363309383392334
2025-08-22T13:15:50.645507,0.25491467118263245
2025-08-22T13:16:20.514405,0.2953445315361023
2025-08-22T13:16:50.036141,0.29601287841796875
2025-08-22T13:17:18.952784,0.1419091820716858
2025-08-22T13:17:46.907151,0.23322822153568268
2025-08-22T13:18:18.008645,0.2970983386039734
2025-08-22T13:18:47.248368,0.35418063402175903
2025-08-22T13:19:16.114998,0.3919924795627594
2025-08-22T13:19:46.057631,0.331839919090271
2025-08-22T13:20:16.423753,0.4083508253097534
2025-08-22T13:20:45.745725,0.2347113937139511
2025-08-22T13:21:15.286553,0.2350558340549469
2025-08-22T13:21:45.686751,0.3695381283760071
2025-08-22T13:22:16.029184,0.3296774625778198
2025-08-22T13:22:46.104692,0.2539185583591461
2025-08-22T13:23:16.207618,0.2324511855840683
2025-08-22T13:23:46.389786,0.31262046098709106
2025-08-22T13:24:15.941702,0.323705792427063
2025-08-22T13:24:45.990715,0.3628138601779938
2025-08-22T13:25:15.226663,0.36225202679634094
2025-08-22T13:25:45.513431,0.2966439723968506
2025-08-22T13:26:15.543074,0.2917265295982361
2025-08-22T13:26:45.944469,0.36484307050704956
2025-08-22T13:27:15.941349,0.27162739634513855
2025-08-22T13:27:45.567113,0.31350016593933105
2025-08-22T13:28:15.741238,0.40131014585494995
2025-08-22T13:28:45.081679,0.18505549430847168
2025-08-22T13:29:14.674905,0.29716479778289795
2025-08-22T13:29:44.239088,0.32605358958244324
2025-08-22T13:30:13.304430,0.3867514431476593
2025-08-22T13:30:48.904964,0.37873560190200806
2025-08-22T13:31:17.294559,0.28605520725250244
2025-08-22T13:31:47.648601,0.456704318523407
2025-08-22T13:32:17.170784,0.2932276129722595
2025-08-22T13:32:47.480875,0.3831312358379364
2025-08-22T13:33:17.196220,0.2929101586341858
2025-08-22T13:33:47.123202,0.3311198055744171
2025-08-22T13:34:17.170095,0.3764533996582031
2025-08-22T13:34:47.276078,0.3811255395412445
2025-08-22T13:35:16.527900,0.2906356751918793
2025-08-22T13:35:45.222839,0.31341108679771423
2025-08-22T13:36:13.308672,0.24914368987083435
2025-08-22T13:36:42.532621,0.34150129556655884
2025-08-22T13:37:10.890261,0.2633560597896576
2025-08-22T13:37:40.448313,0.26031777262687683
2025-08-22T13:38:10.043605,0.27915799617767334
2025-08-22T13:38:40.025138,0.32404664158821106
2025-08-22T13:39:10.201067,0.36790019273757935
2025-08-22T13:39:39.521550,0.20958580076694489
2025-08-22T13:40:09.001727,0.26074206829071045
2025-08-22T13:40:38.304888,0.29434734582901
2025-08-22T13:41:07.447508,0.25795164704322815
2025-08-22T13:41:37.208894,0.2994869351387024
2025-08-22T13:42:05.165586,0.2270691990852356
2025-08-22T13:42:33.511203,0.33237412571907043
2025-08-22T13:43:01.197983,0.16929768025875092
2025-08-22T13:43:30.617203,0.3285338282585144
2025-08-22T13:44:00.332457,0.2066613733768463
2025-08-22T13:44:30.681291,0.367311954498291
2025-08-22T13:45:01.017722,0.2763362228870392
2025-08-22T13:45:31.154611,0.2549382150173187
2025-08-22T13:46:02.219808,0.3670344650745392
2025-08-22T13:46:32.879267,0.33084291219711304
2025-08-22T13:47:02.565113,0.2759418487548828
2025-08-22T13:47:32.583602,0.2923036217689514
2025-08-22T13:48:01.155472,0.2564089298248291
2025-08-22T13:48:29.776945,0.2985032796859741
2025-08-22T13:48:58.270613,0.3292786777019501
2025-08-22T13:49:27.503812,0.31250154972076416
2025-08-22T13:49:56.934146,0.3135755956172943
2025-08-22T13:50:26.733879,0.32617878913879395
2025-08-22T13:50:57.149603,0.36577221751213074
2025-08-22T13:51:27.016016,0.3308791518211365
2025-08-22T13:51:56.740602,0.27542316913604736
2025-08-22T13:52:26.879498,0.3277030885219574
2025-08-22T13:52:57.587804,0.4236007332801819
2025-08-22T13:53:27.866671,0.4046068787574768
2025-08-22T13:53:56.115124,0.21676459908485413
2025-08-22T13:54:24.957664,0.3521716594696045
2025-08-22T13:54:54.714920,0.42350974678993225
2025-08-22T13:55:24.362208,0.3495945930480957
2025-08-22T13:55:54.334397,0.3123396039009094
2025-08-22T13:56:24.127372,0.3086951971054077
2025-08-22T13:56:53.822116,0.2938039302825928
2025-08-22T13:57:23.138155,0.29608920216560364
2025-08-22T13:57:52.908967,0.34915024042129517
2025-08-22T13:58:23.042221,0.3945322036743164
2025-08-22T13:58:53.058535,0.3077492415904999
2025-08-22T13:59:23.458864,0.3590657711029053
2025-08-22T13:59:52.154742,0.2943471670150757
2025-08-22T14:00:21.071931,0.3943150043487549
2025-08-22T14:00:49.860969,0.3506588935852051
2025-08-22T14:01:18.376079,0.31976616382598877
2025-08-22T14:01:47.877891,0.2819265127182007
2025-08-22T14:02:17.673269,0.24689829349517822
2025-08-22T14:02:47.913413,0.3978038728237152
2025-08-22T14:03:18.423233,0.41261833906173706
2025-08-22T14:03:48.634974,0.31330785155296326
2025-08-22T14:04:19.284164,0.3956884741783142
2025-08-22T14:04:49.766549,0.3348480463027954
2025-08-22T14:05:19.466469,0.2842750549316406
2025-08-22T14:05:48.346141,0.3259148895740509
2025-08-22T14:06:17.465429,0.32890748977661133
2025-08-22T14:06:47.014224,0.40955573320388794
2025-08-22T14:07:15.729483,0.3123933970928192
2025-08-22T14:07:45.290909,0.36465010046958923
2025-08-22T14:08:14.881899,0.24905738234519958
2025-08-22T14:08:45.067376,0.41274553537368774
2025-08-22T14:09:15.371092,0.3582812547683716
2025-08-22T14:09:45.111846,0.28114691376686096
2025-08-22T14:10:15.897445,0.3785932660102844
2025-08-22T14:10:46.224747,0.3281860649585724
2025-08-22T14:11:17.003790,0.3447086811065674
2025-08-22T14:11:46.395149,0.23142294585704803
2025-08-22T14:12:15.271735,0.4088159501552582
2025-08-22T14:12:44.092672,0.2949639856815338
2025-08-22T14:13:13.035517,0.3297685980796814
2025-08-22T14:13:42.181306,0.2647179067134857
2025-08-22T14:14:11.614230,0.33131730556488037
2025-08-22T14:14:41.233848,0.32762449979782104
2025-08-22T14:15:11.748717,0.34211528301239014
2025-08-22T14:15:41.513792,0.2732856571674347
2025-08-22T14:16:12.179359,0.39366960525512695
2025-08-22T14:16:42.989735,0.36798059940338135
2025-08-22T14:17:13.042076,0.2935734689235687
2025-08-22T14:17:43.629263,0.3460111618041992
2025-08-22T14:18:11.950447,0.273945689201355
2025-08-22T14:18:41.063966,0.3079965114593506
2025-08-22T14:19:10.215346,0.3270551562309265
2025-08-22T14:19:39.265500,0.23886778950691223
2025-08-22T14:20:08.805106,0.28901779651641846
2025-08-22T14:20:38.797836,0.35892391204833984
2025-08-22T14:21:08.428871,0.3461393117904663
2025-08-22T14:21:38.208805,0.30657023191452026
2025-08-22T14:22:07.508809,0.2439771592617035
2025-08-22T14:22:37.772796,0.3786052465438843
2025-08-22T14:23:07.387640,0.27476856112480164
2025-08-22T14:23:37.151929,0.32703787088394165
2025-08-22T14:24:05.471667,0.38087010383605957
2025-08-22T14:24:34.869455,0.3492625653743744
2025-08-22T14:25:03.882141,0.31508925557136536
2025-08-22T14:25:32.736186,0.21044665575027466
2025-08-22T14:26:02.743193,0.3261275887489319
2025-08-22T14:26:32.852567,0.3105778992176056
2025-08-22T14:27:03.055679,0.39862141013145447
2025-08-22T14:27:33.528227,0.42278027534484863
2025-08-22T14:28:03.740101,0.408062607049942
2025-08-22T14:28:33.865803,0.3581368029117584
2025-08-22T14:29:03.405838,0.342170774936676
2025-08-22T14:29:33.376325,0.3464396893978119
2025-08-22T14:30:02.605846,0.37570124864578247
2025-08-22T14:30:31.611697,0.2596803307533264
2025-08-22T14:31:00.850373,0.2592053711414337
2025-08-22T14:31:31.108718,0.30915379524230957
2025-08-22T14:32:01.589874,0.27840903401374817
2025-08-22T14:32:32.882881,0.3150428533554077
2025-08-22T14:33:03.738118,0.3057194948196411
2025-08-22T14:33:34.510669,0.3269655406475067
2025-08-22T14:34:04.654511,0.3481399416923523
2025-08-22T14:34:35.791553,0.41541293263435364
2025-08-22T14:35:06.055191,0.34587204456329346
2025-08-22T14:35:35.583312,0.27589115500450134
2025-08-22T14:36:04.171390,0.2753918170928955
2025-08-22T14:36:32.395700,0.22765779495239258
2025-08-22T14:37:01.805415,0.4254454970359802
2025-08-22T14:37:30.902944,0.3443339467048645
2025-08-22T14:38:00.940382,0.3828335404396057
2025-08-22T14:38:31.212913,0.43279018998146057
2025-08-22T14:39:01.657096,0.4638833999633789
2025-08-22T14:39:32.047437,0.413564532995224
2025-08-22T14:40:01.311220,0.21146199107170105
2025-08-22T14:40:30.837111,0.3258833885192871
2025-08-22T14:41:01.108940,0.42524656653404236
2025-08-22T14:41:30.916461,0.32828280329704285
2025-08-22T14:41:58.986673,0.24299247562885284
2025-08-22T14:42:28.379734,0.3465482294559479
2025-08-22T14:42:57.345172,0.3464318513870239
2025-08-22T14:43:26.256480,0.2986888885498047
2025-08-22T14:43:56.539137,0.42590969800949097
2025-08-22T14:44:26.119578,0.2798292636871338
2025-08-22T14:44:56.320685,0.34647083282470703
2025-08-22T14:45:27.140093,0.3922385573387146
2025-08-22T14:45:58.041692,0.3480713367462158
2025-08-22T14:46:28.470500,0.29736238718032837
2025-08-22T14:46:58.744332,0.3409385681152344
2025-08-22T14:47:28.835324,0.29748502373695374
2025-08-22T14:47:57.927140,0.3457021713256836
2025-08-22T14:48:26.581006,0.29925602674484253
2025-08-22T14:48:55.753680,0.33448317646980286
2025-08-22T14:49:24.846551,0.32725855708122253
2025-08-22T14:49:55.421334,0.37168318033218384
2025-08-22T14:50:25.715547,0.3913440704345703
2025-08-22T14:50:55.889551,0.37717312574386597
2025-08-22T14:51:25.829968,0.32993048429489136
2025-08-22T14:51:55.788255,0.33058667182922363
2025-08-22T14:52:26.619751,0.5423344969749451
2025-08-22T14:52:57.160678,0.46783769130706787
2025-08-22T14:53:26.629456,0.3367445468902588
2025-08-22T14:53:56.077849,0.4101846218109131
2025-08-22T14:54:25.376554,0.39589744806289673
2025-08-22T14:54:53.848718,0.29598283767700195
2025-08-22T14:55:23.425089,0.332506000995636
2025-08-22T14:55:53.539757,0.33398890495300293
2025-08-22T14:56:23.672185,0.3166617751121521
2025-08-22T14:56:54.994245,0.458109974861145
2025-08-22T14:57:25.127102,0.3095358610153198
2025-08-22T14:57:55.385758,0.29957181215286255
2025-08-22T14:58:26.680308,0.439521461725235
2025-08-22T14:58:56.919170,0.3278524875640869
2025-08-22T14:59:26.516774,0.26726019382476807
2025-08-22T14:59:55.391466,0.343828409910202
2025-08-22T15:00:24.502399,0.35956892371177673
2025-08-22T15:00:53.059665,0.31625282764434814
2025-08-22T15:01:22.124597,0.29904812574386597
2025-08-22T15:01:52.143715,0.3798421025276184
2025-08-22T15:02:22.076001,0.394340455532074
2025-08-22T15:02:51.034528,0.30294954776763916
2025-08-22T15:03:20.611963,0.37359529733657837
2025-08-22T15:03:49.060699,0.21767768263816833
2025-08-22T15:04:19.115661,0.42382094264030457
2025-08-22T15:04:48.612235,0.3244757056236267
2025-08-22T15:05:18.061606,0.34121835231781006
2025-08-22T15:05:47.291371,0.29439401626586914
2025-08-22T15:06:16.818150,0.43767669796943665
2025-08-22T15:06:45.845207,0.3767945468425751
2025-08-22T15:07:15.097720,0.39471864700317383
2025-08-22T15:07:44.972086,0.3984561860561371
2025-08-22T15:08:14.223092,0.31268125772476196
2025-08-22T15:08:43.933934,0.3092792332172394
2025-08-22T15:09:13.995147,0.36773359775543213
2025-08-22T15:09:44.265371,0.4242638051509857
2025-08-22T15:10:14.448726,0.39157795906066895
2025-08-22T15:10:44.607197,0.3949996531009674
2025-08-22T15:11:14.359032,0.33234703540802
2025-08-22T15:11:43.674126,0.32155683636665344
2025-08-22T15:12:11.757248,0.32496094703674316
2025-08-22T15:12:40.086876,0.296500027179718
2025-08-22T15:13:08.244019,0.24734073877334595
2025-08-22T15:13:38.332308,0.3618706464767456
2025-08-22T15:14:08.592446,0.39535045623779297
2025-08-22T15:14:38.739761,0.31021517515182495
2025-08-22T15:15:08.931781,0.2762994170188904
2025-08-22T15:15:38.542194,0.2773630917072296
2025-08-22T15:16:08.173023,0.2947044372558594
2025-08-22T15:16:38.068197,0.39473193883895874
2025-08-22T15:17:09.396407,0.487318217754364
2025-08-22T15:17:40.058682,0.39153921604156494
2025-08-22T15:18:09.083663,0.5193147659301758
2025-08-22T15:18:38.203551,0.3281088173389435
2025-08-22T15:19:06.977500,0.32366943359375
2025-08-22T15:19:37.154101,0.4474363625049591
2025-08-22T15:20:06.982526,0.36838197708129883
2025-08-22T15:20:37.396705,0.34543338418006897
2025-08-22T15:21:06.976125,0.23888970911502838
2025-08-22T15:21:37.083380,0.3655444383621216
2025-08-22T15:22:06.927521,0.30947598814964294
2025-08-22T15:22:35.936938,0.21785810589790344
2025-08-22T15:23:06.228648,0.42590224742889404
2025-08-22T15:23:35.991233,0.24869340658187866
2025-08-22T15:24:03.743747,0.2800099849700928
2025-08-22T15:24:33.172308,0.3340212404727936
2025-08-22T15:25:02.462601,0.3621230721473694
2025-08-22T15:25:32.517575,0.3743074834346771
2025-08-22T15:26:02.873851,0.41019171476364136
2025-08-22T15:26:34.216028,0.43154117465019226
2025-08-22T15:27:05.802479,0.44658660888671875
2025-08-22T15:27:36.473123,0.32884106040000916
2025-08-22T15:28:07.847437,0.37991514801979065
2025-08-22T15:28:39.718443,0.4376654028892517
2025-08-22T15:29:10.667017,0.32462278008461
2025-08-22T15:29:40.950842,0.34715449810028076
2025-08-22T15:30:10.558203,0.4073047637939453
2025-08-22T15:30:40.284952,0.36475473642349243
2025-08-22T15:31:09.819892,0.3872925937175751
2025-08-22T15:31:40.215013,0.36324039101600647
2025-08-22T15:32:10.930450,0.4474734663963318
2025-08-22T15:32:41.476028,0.39321720600128174
2025-08-22T15:33:11.802364,0.39525967836380005
2025-08-22T15:33:42.482053,0.4071401357650757
2025-08-22T15:34:12.989188,0.3788023591041565
2025-08-22T15:34:42.409886,0.2680831551551819
2025-08-22T15:35:12.586826,0.38828617334365845
2025-08-22T15:35:41.870798,0.34311604499816895
2025-08-22T15:36:11.529713,0.4989359974861145
2025-08-22T15:36:39.975813,0.3177854120731354
2025-08-22T15:37:08.738052,0.3284667730331421
2025-08-22T15:37:38.132278,0.3789339065551758
2025-08-22T15:38:07.192484,0.21598945558071136
2025-08-22T15:38:37.243256,0.34238001704216003
2025-08-22T15:39:06.947033,0.3050847053527832
2025-08-22T15:39:37.636208,0.43042832612991333
2025-08-22T15:40:08.286914,0.41747766733169556
2025-08-22T15:40:39.465245,0.4695838689804077
2025-08-22T15:41:08.932147,0.3320980966091156
2025-08-22T15:41:39.398803,0.46862539649009705
2025-08-22T15:42:07.982028,0.3918592929840088
2025-08-22T15:42:36.636872,0.39304038882255554
2025-08-22T15:43:05.344307,0.36302995681762695
2025-08-22T15:43:34.711294,0.41950786113739014
2025-08-22T15:44:03.594475,0.2980574667453766
2025-08-22T15:44:34.061147,0.4527234435081482
2025-08-22T15:45:05.238982,0.4784291982650757
2025-08-22T15:45:34.785229,0.313323438167572
2025-08-22T15:46:04.427720,0.30467504262924194
2025-08-22T15:46:35.777983,0.4907602071762085
2025-08-22T15:47:06.862660,0.4217945635318756
2025-08-22T15:47:37.375062,0.38461172580718994
2025-08-22T15:48:06.632583,0.3347233831882477
2025-08-22T15:48:36.053749,0.4188188910484314
2025-08-22T15:49:05.627233,0.4261677861213684
2025-08-22T15:49:36.144653,0.4049738347530365
2025-08-22T15:50:06.570732,0.3884478807449341
2025-08-22T15:50:37.965281,0.4640420377254486
2025-08-22T15:51:14.822132,0.39904725551605225
2025-08-22T15:51:51.116610,0.34401610493659973
2025-08-22T15:52:31.926009,0.3053770661354065
2025-08-22T15:53:07.930250,0.35264262557029724
2025-08-22T15:53:45.069125,0.4219532012939453
2025-08-22T15:54:22.829907,0.3514986038208008
2025-08-22T15:55:07.609458,0.33719027042388916
2025-08-22T15:55:46.576729,0.34825599193573
2025-08-22T15:56:17.664101,0.4093705415725708
2025-08-22T15:56:48.438968,0.3198121190071106
2025-08-22T15:57:19.784707,0.46226757764816284
2025-08-22T15:57:50.665344,0.39447903633117676
2025-08-22T15:58:21.324198,0.41233253479003906
2025-08-22T15:58:51.904640,0.3626330494880676
2025-08-22T15:59:22.202551,0.3698287010192871
2025-08-22T15:59:51.543085,0.4011324644088745
2025-08-22T16:00:20.326672,0.29944077134132385
2025-08-22T16:00:49.420049,0.3587735891342163
2025-08-22T16:01:19.671777,0.48317742347717285
2025-08-22T16:01:49.802568,0.3883049488067627
2025-08-22T16:02:20.298995,0.42303988337516785
2025-08-22T16:02:50.806268,0.4299874007701874
2025-08-22T16:03:20.380874,0.3163056969642639
2025-08-22T16:03:50.766221,0.4277568459510803
2025-08-22T16:04:21.026643,0.4380122423171997
2025-08-22T16:04:52.749419,0.5585530400276184
2025-08-22T16:05:23.812865,0.46256518363952637
2025-08-22T16:05:53.631328,0.4533000588417053
2025-08-22T16:06:23.210649,0.40880900621414185
2025-08-22T16:06:52.490540,0.3740588128566742
2025-08-22T16:07:23.212676,0.4392070174217224
2025-08-22T16:07:53.875112,0.3972381353378296
2025-08-22T16:08:24.100373,0.36331164836883545
2025-08-22T16:08:56.354712,0.489950031042099
2025-08-22T16:09:27.444010,0.39284515380859375
2025-08-22T16:09:58.149169,0.3640921711921692
2025-08-22T16:10:29.787111,0.5055042505264282
2025-08-22T16:11:00.005670,0.3157855272293091
2025-08-22T16:11:30.189715,0.43518584966659546
2025-08-22T16:11:59.616600,0.38474029302597046
2025-08-22T16:12:29.109943,0.42883941531181335
2025-08-22T16:12:59.139804,0.44522395730018616
2025-08-22T16:13:30.127715,0.4805060625076294
2025-08-22T16:14:00.577090,0.3834068179130554
2025-08-22T16:14:30.271000,0.38566017150878906
2025-08-22T16:15:01.023756,0.4637093245983124
2025-08-22T16:15:32.406420,0.49835020303726196
2025-08-22T16:16:02.700251,0.4061076045036316
2025-08-22T16:16:32.966585,0.43070507049560547
2025-08-22T16:17:03.429466,0.41628503799438477
2025-08-22T16:17:33.464043,0.47765225172042847
2025-08-22T16:18:03.391847,0.5157980918884277
2025-08-22T16:18:33.369398,0.41553711891174316
2025-08-22T16:19:03.940169,0.44035911560058594
2025-08-22T16:19:34.886407,0.44488856196403503
2025-08-22T16:20:05.897041,0.4480021297931671
2025-08-22T16:20:36.476734,0.4315685033798218
2025-08-22T16:21:08.632759,0.5101879835128784
2025-08-22T16:21:39.414665,0.40475672483444214
2025-08-22T16:22:10.858587,0.5020469427108765
2025-08-22T16:22:42.439736,0.45548015832901
2025-08-22T16:23:13.182630,0.4564853012561798
2025-08-22T16:23:42.264526,0.4314779043197632
2025-08-22T16:24:11.693445,0.40660494565963745
