INPUT,0.350699573755264,0.0441081039607525,0.733636379241943,-0.540716826915741,3.07521605491638,1.01546394824982,K,12
OUTPUT,NaN,NaN,NaN,NaN,NaN,NaN

INPUT,0.354219079017639,0.045109000056982,0.744783461093903,-0.620874881744385,3.07032060623169,1.09924626350403,K,13
OUTPUT,NaN,NaN,NaN,NaN,NaN,NaN

INPUT,0.357738614082336,0.0461098924279213,0.755930602550507,-0.701269447803497,3.06590342521667,1.1828191280365,K,14
OUTPUT,NaN,NaN,NaN,NaN,NaN,NaN

INPUT,0.361258149147034,0.0471107847988605,0.767077684402466,-0.78184300661087,3.06199383735657,1.2662388086319,K,15
OUTPUT,NaN,NaN,NaN,NaN,NaN,NaN

INPUT,0.364425718784332,0.048011589795351,0.77711009979248,-0.854477405548096,3.05893158912659,1.34121906757355,K,16
OUTPUT,NaN,NaN,NaN,NaN,NaN,NaN

INPUT,0.366889387369156,0.0487122163176537,0.784913063049316,-0.911031603813171,3.05685973167419,1.39948809146881,K,17
OUTPUT,NaN,NaN,NaN,NaN,NaN,NaN

INPUT,0.368649154901505,0.0492126643657684,0.790486633777618,-0.951454341411591,3.05555009841919,1.44108784198761,K,18
OUTPUT,NaN,NaN,NaN,NaN,NaN,NaN

INPUT,0.369704991579056,0.0495129302144051,0.793830752372742,-0.975717186927795,3.05483365058899,1.46604061126709,K,19
OUTPUT,NaN,NaN,NaN,NaN,NaN,NaN

INPUT,0.370056957006454,0.0496130213141441,0.794945478439331,-0.983806192874908,3.05460643768311,1.47435712814331,K,20
OUTPUT,NaN,NaN,NaN,NaN,NaN,NaN

INPUT,0.348763167858124,0.04343131929636,0.734097063541412,-0.487554907798767,3.07491850852966,0.916792571544647,K,12
OUTPUT,NaN,NaN,NaN,NaN,NaN,NaN

INPUT,0.352104932069778,0.0443432778120041,0.74527633190155,-0.559992611408234,3.06971573829651,0.992363214492798,K,13
OUTPUT,NaN,NaN,NaN,NaN,NaN,NaN

INPUT,0.355446726083755,0.0452552363276482,0.756455659866333,-0.63264787197113,3.06490612030029,1.06774258613586,K,14
OUTPUT,NaN,NaN,NaN,NaN,NaN,NaN

INPUT,0.358788520097733,0.0461671985685825,0.767634928226471,-0.70547091960907,3.06051588058472,1.14298069477081,K,15
OUTPUT,NaN,NaN,NaN,NaN,NaN,NaN

INPUT,0.361796110868454,0.0469879619777203,0.777696251869202,-0.771124243736267,3.05694341659546,1.21060359477997,K,16
OUTPUT,NaN,NaN,NaN,NaN,NaN,NaN

INPUT,0.364135354757309,0.0476263351738453,0.785521745681763,-0.822247922420502,3.05442357063293,1.26315259933472,K,17
OUTPUT,NaN,NaN,NaN,NaN,NaN,NaN

INPUT,0.365806251764297,0.0480823144316673,0.791111409664154,-0.858792006969452,3.05276656150818,1.30066704750061,K,18
OUTPUT,NaN,NaN,NaN,NaN,NaN,NaN

INPUT,0.36680880188942,0.0483559034764767,0.794465184211731,-0.88072806596756,3.05183053016663,1.32316863536835,K,19
OUTPUT,NaN,NaN,NaN,NaN,NaN,NaN

INPUT,0.367142975330353,0.048447098582983,0.795583128929138,-0.8880415558815,3.05152821540833,1.33066809177399,K,20
OUTPUT,NaN,NaN,NaN,NaN,NaN,NaN

INPUT,0.343579083681107,0.0513985119760036,0.743842005729675,-0.374570280313492,3.00784802436829,1.15011417865753,K,13
OUTPUT,NaN,NaN,NaN,NaN,NaN,NaN

INPUT,0.346107006072998,0.0529828295111656,0.754884243011475,-0.446220517158508,2.99842834472656,1.22418904304504,K,14
OUTPUT,NaN,NaN,NaN,NaN,NaN,NaN

INPUT,0.34863492846489,0.0545671507716179,0.765926480293274,-0.518062174320221,2.98976612091064,1.29816699028015,K,15
OUTPUT,NaN,NaN,NaN,NaN,NaN,NaN

INPUT,0.350910037755966,0.0559930354356766,0.775864481925964,-0.58285391330719,2.98265647888184,1.36469125747681,K,16
OUTPUT,NaN,NaN,NaN,NaN,NaN,NaN

INPUT,0.352679580450058,0.0571020618081093,0.783594071865082,-0.63332188129425,2.97759675979614,1.41640722751617,K,17
OUTPUT,NaN,NaN,NaN,NaN,NaN,NaN

INPUT,0.353943556547165,0.0578942187130451,0.789115190505981,-0.669405162334442,2.97424292564392,1.45333743095398,K,18
OUTPUT,NaN,NaN,NaN,NaN,NaN,NaN

INPUT,0.354701936244965,0.0583695136010647,0.792427837848663,-0.691067755222321,2.97233700752258,1.47549247741699,K,19
OUTPUT,NaN,NaN,NaN,NaN,NaN,NaN

INPUT,0.354954719543457,0.058527946472168,0.793532073497772,-0.698290646076202,2.97171950340271,1.48287713527679,K,20
OUTPUT,NaN,NaN,NaN,NaN,NaN,NaN

INPUT,0.350262135267258,0.054378118366003,0.741786301136017,-0.593568563461304,3.00158286094666,1.08448231220245,K,13
OUTPUT,NaN,NaN,NaN,NaN,NaN,NaN

INPUT,0.353250086307526,0.0562686547636986,0.752791047096252,-0.673601627349854,2.99189758300781,1.16479730606079,K,14
OUTPUT,NaN,NaN,NaN,NaN,NaN,NaN

INPUT,0.356238037347794,0.0581591986119747,0.763795852661133,-0.753706455230713,2.98317098617554,1.24515128135681,K,15
OUTPUT,NaN,NaN,NaN,NaN,NaN,NaN

INPUT,0.358927190303802,0.0598606877028942,0.773700177669525,-0.825856268405914,2.97618389129639,1.31750416755676,K,16
OUTPUT,NaN,NaN,NaN,NaN,NaN,NaN

INPUT,0.361018747091293,0.0611840635538101,0.781403481960297,-0.882005512714386,2.97134208679199,1.37380039691925,K,17
OUTPUT,NaN,NaN,NaN,NaN,NaN,NaN

INPUT,0.362512737512589,0.0621293373405933,0.786905884742737,-0.922128140926361,2.96821069717407,1.41402328014374,K,18
OUTPUT,NaN,NaN,NaN,NaN,NaN,NaN

INPUT,0.363409101963043,0.0626965016126633,0.790207326412201,-0.946207582950592,2.96646523475647,1.43816125392914,K,19
OUTPUT,NaN,NaN,NaN,NaN,NaN,NaN

INPUT,0.363707900047302,0.0628855526447296,0.791307806968689,-0.954235017299652,2.9659059047699,1.44620788097382,K,20
OUTPUT,NaN,NaN,NaN,NaN,NaN,NaN

INPUT,0.35003873705864,0.0525068938732147,0.744730830192566,-0.662355840206146,3.01845908164978,1.04661202430725,K,13
OUTPUT,NaN,NaN,NaN,NaN,NaN,NaN

INPUT,0.353198826313019,0.0542031042277813,0.755841732025146,-0.743101119995117,3.01062083244324,1.12908518314362,K,14
OUTPUT,NaN,NaN,NaN,NaN,NaN,NaN

INPUT,0.356358915567398,0.0558993220329285,0.766952633857727,-0.82397872209549,3.00365209579468,1.21150529384613,K,15
OUTPUT,NaN,NaN,NaN,NaN,NaN,NaN

INPUT,0.359203010797501,0.0574259124696255,0.776952385902405,-0.896860182285309,2.99816274642944,1.28565502166748,K,16
OUTPUT,NaN,NaN,NaN,NaN,NaN,NaN

INPUT,0.361415058374405,0.0586132630705833,0.784730017185211,-0.953595042228699,2.99442577362061,1.34331488609314,K,17
OUTPUT,NaN,NaN,NaN,NaN,NaN,NaN

INPUT,0.362995117902756,0.0594613738358021,0.790285468101501,-0.994142591953278,2.99204969406128,1.3844963312149,K,18
OUTPUT,NaN,NaN,NaN,NaN,NaN,NaN

INPUT,0.363943129777908,0.0599702335894108,0.793618738651276,-1.01847910881042,2.9907431602478,1.40920388698578,K,19
OUTPUT,NaN,NaN,NaN,NaN,NaN,NaN

INPUT,0.364259153604507,0.0601398572325706,0.794729828834534,-1.02659237384796,2.99032759666443,1.41743957996368,K,20
OUTPUT,NaN,NaN,NaN,NaN,NaN,NaN

INPUT,0.356359899044037,0.0443438924849033,0.737179815769196,-0.66663670539856,3.07118129730225,1.05811846256256,K,5
OUTPUT,NaN,NaN,NaN,NaN,NaN,NaN

INPUT,0.36163729429245,0.0457199737429619,0.75080269575119,-0.77823942899704,3.06401467323303,1.21048581600189,K,6
OUTPUT,NaN,NaN,NaN,NaN,NaN,NaN

INPUT,0.365741908550262,0.0467902570962906,0.761398196220398,-0.8673295378685,3.05934810638428,1.32675218582153,K,7
OUTPUT,NaN,NaN,NaN,NaN,NaN,NaN

INPUT,0.368673801422119,0.0475547425448895,0.768966495990753,-0.931822180747986,3.05653405189514,1.40896499156952,K,8
OUTPUT,NaN,NaN,NaN,NaN,NaN,NaN

INPUT,0.370432913303375,0.0480134375393391,0.773507416248322,-0.970782101154327,3.05506086349487,1.4580363035202,K,9
OUTPUT,NaN,NaN,NaN,NaN,NaN,NaN

INPUT,0.35429972410202,0.0436125509440899,0.737617015838623,-0.600772798061371,3.07048797607422,0.95578008890152,K,5
OUTPUT,NaN,NaN,NaN,NaN,NaN,NaN

INPUT,0.359331905841827,0.0448505654931068,0.751314043998718,-0.701651453971863,3.062664270401,1.09321844577789,K,6
OUTPUT,NaN,NaN,NaN,NaN,NaN,NaN

INPUT,0.363245785236359,0.0458134636282921,0.761967241764069,-0.782344460487366,3.05733180046082,1.19793057441711,K,7
OUTPUT,NaN,NaN,NaN,NaN,NaN,NaN

INPUT,0.366041421890259,0.0465012490749359,0.769576668739319,-0.840840876102448,3.0539562702179,1.27189040184021,K,8
OUTPUT,NaN,NaN,NaN,NaN,NaN,NaN

INPUT,0.367718815803528,0.0469139218330383,0.774142324924469,-0.876211643218994,3.05211210250854,1.316002368927,K,9
OUTPUT,NaN,NaN,NaN,NaN,NaN,NaN

INPUT,0.347850263118744,0.0510124713182449,0.741793692111969,-0.446830719709396,3.00453186035156,1.15060269832611,K,5
OUTPUT,NaN,NaN,NaN,NaN,NaN,NaN

INPUT,0.351340174674988,0.0529354847967625,0.753323137760162,-0.53518408536911,2.99125099182129,1.27222168445587,K,6
OUTPUT,NaN,NaN,NaN,NaN,NaN,NaN

INPUT,0.354054570198059,0.0544311590492725,0.762290477752686,-0.605784952640533,2.98203134536743,1.36506903171539,K,7
OUTPUT,NaN,NaN,NaN,NaN,NaN,NaN

INPUT,0.355993419885635,0.0554995015263557,0.768695712089539,-0.656972169876099,2.97608137130737,1.43070077896118,K,8
OUTPUT,NaN,NaN,NaN,NaN,NaN,NaN

INPUT,0.357156723737717,0.0561405047774315,0.772538900375366,-0.687933385372162,2.97277617454529,1.46985745429993,K,9
OUTPUT,NaN,NaN,NaN,NaN,NaN,NaN

INPUT,0.352597683668137,0.0495671816170216,0.733441472053528,-0.624351143836975,3.05305242538452,0.942344486713409,K,12
OUTPUT,NaN,NaN,NaN,NaN,NaN,NaN

INPUT,0.356368452310562,0.0511227212846279,0.744530200958252,-0.705912590026855,3.04655265808105,1.02599883079529,K,13
OUTPUT,NaN,NaN,NaN,NaN,NaN,NaN

INPUT,0.360139220952988,0.0526782609522343,0.755618870258331,-0.787626028060913,3.04070019721985,1.10954916477203,K,14
OUTPUT,NaN,NaN,NaN,NaN,NaN,NaN

INPUT,0.363910019397736,0.0542338006198406,0.766707599163055,-0.869457960128784,3.03553509712219,1.1930273771286,K,15
OUTPUT,NaN,NaN,NaN,NaN,NaN,NaN

INPUT,0.367303729057312,0.0556337907910347,0.776687502861023,-0.943186402320862,3.03150391578674,1.26811408996582,K,16
OUTPUT,NaN,NaN,NaN,NaN,NaN,NaN

INPUT,0.369943261146545,0.056722667068243,0.784449577331543,-1.00057280063629,3.02878761291504,1.32649409770966,K,17
OUTPUT,NaN,NaN,NaN,NaN,NaN,NaN

INPUT,0.371828645467758,0.0575004369020462,0.789993941783905,-1.04158186912537,3.0270779132843,1.36818563938141,K,18
OUTPUT,NaN,NaN,NaN,NaN,NaN,NaN

INPUT,0.37295988202095,0.0579671002924442,0.793320536613464,-1.06619369983673,3.02614569664001,1.3931976556778,K,19
OUTPUT,NaN,NaN,NaN,NaN,NaN,NaN

INPUT,0.373336970806122,0.0581226535141468,0.794429421424866,-1.07439875602722,3.02585077285767,1.40153467655182,K,20
OUTPUT,NaN,NaN,NaN,NaN,NaN,NaN

INPUT,0.354632914066315,0.0537159442901611,0.739996790885925,-0.678789913654327,2.99772548675537,1.07876467704773,K,5
OUTPUT,NaN,NaN,NaN,NaN,NaN,NaN

INPUT,0.358627587556839,0.0559902712702751,0.751379549503326,-0.775634527206421,2.98441457748413,1.21316695213318,K,6
OUTPUT,NaN,NaN,NaN,NaN,NaN,NaN

INPUT,0.361734539270401,0.0577591918408871,0.76023280620575,-0.852978408336639,2.97546696662903,1.31583714485168,K,7
OUTPUT,NaN,NaN,NaN,NaN,NaN,NaN

INPUT,0.363953799009323,0.0590227097272873,0.766556620597839,-0.909021258354187,2.96987748146057,1.38845276832581,K,8
OUTPUT,NaN,NaN,NaN,NaN,NaN,NaN

INPUT,0.365285366773605,0.0597808212041855,0.770350873470306,-0.942903518676758,2.96685647964478,1.43179380893707,K,9
OUTPUT,NaN,NaN,NaN,NaN,NaN,NaN

INPUT,0.350951552391052,0.049756120890379,0.733037889003754,-0.665026903152466,3.02723622322083,0.889202892780304,K,4
OUTPUT,NaN,NaN,NaN,NaN,NaN,NaN

INPUT,0.354887187480927,0.0518222376704216,0.744134426116943,-0.755532085895538,3.01501727104187,1.03401100635529,K,5
OUTPUT,NaN,NaN,NaN,NaN,NaN,NaN

INPUT,0.358822822570801,0.0538883544504642,0.755230963230133,-0.850625813007355,3.00446820259094,1.17440032958984,K,6
OUTPUT,NaN,NaN,NaN,NaN,NaN,NaN

INPUT,0.361883848905563,0.0554953329265118,0.763861656188965,-0.926764190196991,2.99752378463745,1.28152370452881,K,7
OUTPUT,NaN,NaN,NaN,NaN,NaN,NaN

INPUT,0.364070326089859,0.0566431768238544,0.770026385784149,-0.982001602649689,2.99327874183655,1.35723996162415,K,8
OUTPUT,NaN,NaN,NaN,NaN,NaN,NaN

INPUT,0.365382194519043,0.057331882417202,0.773725271224976,-1.01541531085968,2.99102783203125,1.40241694450378,K,9
OUTPUT,NaN,NaN,NaN,NaN,NaN,NaN

INPUT,0.348785728216171,0.0456657633185387,0.733108222484589,-0.420517325401306,3.06480503082275,0.991095781326294,K,12
OUTPUT,NaN,NaN,NaN,NaN,NaN,NaN

INPUT,0.352127641439438,0.0468101277947426,0.744184494018555,-0.493229120969772,3.05875396728516,1.06720471382141,K,13
OUTPUT,NaN,NaN,NaN,NaN,NaN,NaN

INPUT,0.355469524860382,0.0479544848203659,0.755260765552521,-0.566182374954224,3.05316042900085,1.14310801029205,K,14
OUTPUT,NaN,NaN,NaN,NaN,NaN,NaN

INPUT,0.358811438083649,0.0490988492965698,0.766337037086487,-0.639321982860565,3.04805612564087,1.21886038780212,K,15
OUTPUT,NaN,NaN,NaN,NaN,NaN,NaN

INPUT,0.361819177865982,0.0501287765800953,0.776305675506592,-0.705273151397705,3.04390358924866,1.28694081306458,K,16
OUTPUT,NaN,NaN,NaN,NaN,NaN,NaN

INPUT,0.364158511161804,0.0509298294782639,0.784059047698975,-0.75663548707962,3.04097580909729,1.33984327316284,K,17
OUTPUT,NaN,NaN,NaN,NaN,NaN,NaN

INPUT,0.365829467773438,0.0515020079910755,0.78959721326828,-0.793353199958801,3.03905129432678,1.3776091337204,K,18
OUTPUT,NaN,NaN,NaN,NaN,NaN,NaN

INPUT,0.36683201789856,0.0518453158438206,0.792920053005219,-0.815394639968872,3.03796434402466,1.40026140213013,K,19
OUTPUT,NaN,NaN,NaN,NaN,NaN,NaN

INPUT,0.367166221141815,0.051959753036499,0.79402768611908,-0.822743475437164,3.0376136302948,1.40781104564667,K,20
OUTPUT,NaN,NaN,NaN,NaN,NaN,NaN

INPUT,0.358586847782135,0.0500310435891151,0.736968159675598,-0.752103567123413,3.04733777046204,0.984153807163239,K,5
OUTPUT,NaN,NaN,NaN,NaN,NaN,NaN

INPUT,0.364292919635773,0.0522128976881504,0.750502407550812,-0.865701913833618,3.03797197341919,1.13673949241638,K,6
OUTPUT,NaN,NaN,NaN,NaN,NaN,NaN

INPUT,0.368730932474136,0.05390989407897,0.761029005050659,-0.956211686134338,3.03192210197449,1.25334322452545,K,7
OUTPUT,NaN,NaN,NaN,NaN,NaN,NaN

INPUT,0.371900945901871,0.0551220364868641,0.768548011779785,-1.02166795730591,3.02830529212952,1.33586382865906,K,8
OUTPUT,NaN,NaN,NaN,NaN,NaN,NaN

INPUT,0.373802959918976,0.0558493211865425,0.77305942773819,-1.06118977069855,3.02642726898193,1.38514173030853,K,9
OUTPUT,NaN,NaN,NaN,NaN,NaN,NaN

INPUT,0.354389548301697,0.0460242629051208,0.73639988899231,-0.531718790531158,3.05966472625732,1.03295826911926,K,5
OUTPUT,NaN,NaN,NaN,NaN,NaN,NaN

INPUT,0.359497457742691,0.0476132556796074,0.749984800815582,-0.634027481079102,3.05055999755859,1.17028534412384,K,6
OUTPUT,NaN,NaN,NaN,NaN,NaN,NaN

INPUT,0.363470286130905,0.0488491393625736,0.760550796985626,-0.715764820575714,3.04435801506042,1.27499532699585,K,7
OUTPUT,NaN,NaN,NaN,NaN,NaN,NaN

INPUT,0.366308033466339,0.0497319176793098,0.768097996711731,-0.774980366230011,3.04043436050415,1.34898889064789,K,8
OUTPUT,NaN,NaN,NaN,NaN,NaN,NaN

INPUT,0.368010669946671,0.0502615794539452,0.772626280784607,-0.810773909091949,3.03829169273376,1.39313280582428,K,9
OUTPUT,NaN,NaN,NaN,NaN,NaN,NaN

INPUT,0.346120893955231,0.0539864003658295,0.743779897689819,-0.58209365606308,2.99766063690186,1.10951709747314,K,13
OUTPUT,NaN,NaN,NaN,NaN,NaN,NaN

INPUT,0.348900765180588,0.0558270663022995,0.754807233810425,-0.662012577056885,2.9882984161377,1.19130480289459,K,14
OUTPUT,NaN,NaN,NaN,NaN,NaN,NaN

INPUT,0.351680606603622,0.0576677285134792,0.765834510326385,-0.742088735103607,2.97993445396423,1.27304518222809,K,15
OUTPUT,NaN,NaN,NaN,NaN,NaN,NaN

INPUT,0.354182481765747,0.0593243278563023,0.775759041309357,-0.814267814159393,2.97330641746521,1.34658920764923,K,16
OUTPUT,NaN,NaN,NaN,NaN,NaN,NaN

INPUT,0.356128394603729,0.060612790286541,0.783478140830994,-0.870467603206635,2.96876430511475,1.40378248691559,K,17
OUTPUT,NaN,NaN,NaN,NaN,NaN,NaN

INPUT,0.357518315315247,0.061533123254776,0.788991808891296,-0.910638213157654,2.96585774421692,1.44463276863098,K,18
OUTPUT,NaN,NaN,NaN,NaN,NaN,NaN

INPUT,0.358352273702621,0.062085323035717,0.79229998588562,-0.934750437736511,2.96425104141235,1.46914267539978,K,19
OUTPUT,NaN,NaN,NaN,NaN,NaN,NaN

INPUT,0.358630269765854,0.062269389629364,0.79340273141861,-0.942789435386658,2.96373867988586,1.47731268405914,K,20
OUTPUT,NaN,NaN,NaN,NaN,NaN,NaN

INPUT,0.342324376106262,0.0547964833676815,0.74321049451828,-0.48738169670105,2.98293852806091,1.16897594928741,K,13
OUTPUT,NaN,NaN,NaN,NaN,NaN,NaN

INPUT,0.344726771116257,0.0567121878266335,0.754192709922791,-0.565645456314087,2.9723596572876,1.249183177948,K,14
OUTPUT,NaN,NaN,NaN,NaN,NaN,NaN

INPUT,0.347129195928574,0.0586278960108757,0.765174925327301,-0.644085824489594,2.96283841133118,1.32934892177582,K,15
OUTPUT,NaN,NaN,NaN,NaN,NaN,NaN

INPUT,0.349291354417801,0.0603520348668098,0.775058925151825,-0.714807868003845,2.95522403717041,1.40148162841797,K,16
OUTPUT,NaN,NaN,NaN,NaN,NaN,NaN

INPUT,0.350973039865494,0.0616930313408375,0.782746493816376,-0.769883513450623,2.94995331764221,1.45758140087128,K,17
OUTPUT,NaN,NaN,NaN,NaN,NaN,NaN

INPUT,0.352174252271652,0.0626508817076683,0.788237631320953,-0.809255957603455,2.94654822349548,1.49765300750732,K,18
OUTPUT,NaN,NaN,NaN,NaN,NaN,NaN

INPUT,0.352894991636276,0.0632255971431732,0.791532278060913,-0.83289110660553,2.94465160369873,1.52169644832611,K,19
OUTPUT,NaN,NaN,NaN,NaN,NaN,NaN

INPUT,0.353135228157043,0.0634171664714813,0.7926304936409,-0.840771317481995,2.94404411315918,1.5297110080719,K,20
OUTPUT,NaN,NaN,NaN,NaN,NaN,NaN

INPUT,0.347873389720917,0.0558172166347504,0.742565751075745,-0.60266649723053,2.9923985004425,0.973104774951935,K,13
OUTPUT,NaN,NaN,NaN,NaN,NaN,NaN

INPUT,0.350798398256302,0.0578265450894833,0.753495693206787,-0.677446007728577,2.98207521438599,1.04903054237366,K,14
OUTPUT,NaN,NaN,NaN,NaN,NaN,NaN

INPUT,0.353723406791687,0.0598358735442162,0.76442563533783,-0.752351701259613,2.97265410423279,1.12494885921478,K,15
OUTPUT,NaN,NaN,NaN,NaN,NaN,NaN

INPUT,0.356355905532837,0.0616442710161209,0.774262607097626,-0.819859623908997,2.96499156951904,1.19328045845032,K,16
OUTPUT,NaN,NaN,NaN,NaN,NaN,NaN

INPUT,0.358403444290161,0.0630507990717888,0.781913578510284,-0.872418999671936,2.95959043502808,1.24643456935883,K,17
OUTPUT,NaN,NaN,NaN,NaN,NaN,NaN

INPUT,0.359865933656693,0.0640554651618004,0.787378549575806,-0.909986913204193,2.95604133605957,1.28440701961517,K,18
OUTPUT,NaN,NaN,NaN,NaN,NaN,NaN

INPUT,0.360743433237076,0.0646582618355751,0.790657520294189,-0.932536959648132,2.95403790473938,1.30719268321991,K,19
OUTPUT,NaN,NaN,NaN,NaN,NaN,NaN

INPUT,0.361035943031311,0.0648591965436935,0.791750550270081,-0.940055191516876,2.95339131355286,1.31478834152222,K,20
OUTPUT,NaN,NaN,NaN,NaN,NaN,NaN

INPUT,0.350379288196564,0.0532963275909424,0.741965472698212,-0.666236639022827,2.99410247802734,1.10556018352509,K,5
OUTPUT,NaN,NaN,NaN,NaN,NaN,NaN

INPUT,0.3540980219841,0.0554958656430244,0.753396451473236,-0.76354843378067,2.98125100135803,1.24144887924194,K,6
OUTPUT,NaN,NaN,NaN,NaN,NaN,NaN

INPUT,0.356990396976471,0.0572066120803356,0.762287259101868,-0.84119725227356,2.97271203994751,1.34533166885376,K,7
OUTPUT,NaN,NaN,NaN,NaN,NaN,NaN

INPUT,0.359056383371353,0.0584285780787468,0.768637776374817,-0.897433936595917,2.96744060516357,1.41883552074432,K,8
OUTPUT,NaN,NaN,NaN,NaN,NaN,NaN

INPUT,0.360295951366425,0.0591617561876774,0.772448122501373,-0.931423664093018,2.96462059020996,1.4627171754837,K,9
OUTPUT,NaN,NaN,NaN,NaN,NaN,NaN

INPUT,0.346427857875824,0.0541591159999371,0.740943312644958,-0.566399216651917,2.97918558120728,1.16876900196075,K,5
OUTPUT,NaN,NaN,NaN,NaN,NaN,NaN

INPUT,0.349784910678864,0.0564390197396278,0.752490758895874,-0.663009643554688,2.96449136734009,1.30063438415527,K,6
OUTPUT,NaN,NaN,NaN,NaN,NaN,NaN

INPUT,0.352395951747894,0.0582122765481472,0.761472046375275,-0.740034461021423,2.95461082458496,1.40150427818298,K,7
OUTPUT,NaN,NaN,NaN,NaN,NaN,NaN

INPUT,0.354260951280594,0.0594788901507854,0.76788729429245,-0.795800566673279,2.94843506813049,1.47290027141571,K,8
OUTPUT,NaN,NaN,NaN,NaN,NaN,NaN

INPUT,0.355379968881607,0.0602388568222523,0.771736443042755,-0.829502105712891,2.94509530067444,1.51553082466125,K,9
OUTPUT,NaN,NaN,NaN,NaN,NaN,NaN

INPUT,0.349285870790482,0.0461008660495281,0.73392128944397,-0.507370591163635,3.05933690071106,0.994995474815369,K,12
OUTPUT,NaN,NaN,NaN,NaN,NaN,NaN

INPUT,0.352694153785706,0.0473038069903851,0.745064795017242,-0.584849298000336,3.05313682556152,1.07588446140289,K,13
OUTPUT,NaN,NaN,NaN,NaN,NaN,NaN

INPUT,0.356102406978607,0.0485067442059517,0.75620824098587,-0.662563145160675,3.04749035835266,1.1565797328949,K,14
OUTPUT,NaN,NaN,NaN,NaN,NaN,NaN

INPUT,0.359510689973831,0.0497096851468086,0.767351746559143,-0.740457713603973,3.04243302345276,1.23713409900665,K,15
OUTPUT,NaN,NaN,NaN,NaN,NaN,NaN

INPUT,0.362578153610229,0.0507923290133476,0.777380883693695,-0.810684025287628,3.03841161727905,1.3095440864563,K,16
OUTPUT,NaN,NaN,NaN,NaN,NaN,NaN

INPUT,0.364963948726654,0.0516343899071217,0.78518134355545,-0.865368068218231,3.03564500808716,1.3658185005188,K,17
OUTPUT,NaN,NaN,NaN,NaN,NaN,NaN

INPUT,0.366668075323105,0.0522358566522598,0.790753066539764,-0.904456675052643,3.03386759757996,1.40599536895752,K,18
OUTPUT,NaN,NaN,NaN,NaN,NaN,NaN

INPUT,0.367690563201904,0.052596740424633,0.794096112251282,-0.927919805049896,3.03288197517395,1.43009495735168,K,19
OUTPUT,NaN,NaN,NaN,NaN,NaN,NaN

INPUT,0.36803138256073,0.0527170337736607,0.795210480690002,-0.935742437839508,3.03256702423096,1.43812727928162,K,20
OUTPUT,NaN,NaN,NaN,NaN,NaN,NaN

INPUT,0.349151492118835,0.0432053729891777,0.734383285045624,-0.477580666542053,3.07116270065308,0.796516954898834,K,12
OUTPUT,NaN,NaN,NaN,NaN,NaN,NaN

INPUT,0.352539658546448,0.04409309476614,0.745581150054932,-0.543528258800507,3.06542158126831,0.864873349666595,K,13
OUTPUT,NaN,NaN,NaN,NaN,NaN,NaN

INPUT,0.35592782497406,0.0449808165431023,0.75677901506424,-0.609654366970062,3.06002354621887,0.933079421520233,K,14
OUTPUT,NaN,NaN,NaN,NaN,NaN,NaN

INPUT,0.359315991401672,0.0458685383200645,0.767976880073547,-0.675920009613037,3.05499291419983,1.00117480754852,K,15
OUTPUT,NaN,NaN,NaN,NaN,NaN,NaN

INPUT,0.362365365028381,0.0466674864292145,0.77805495262146,-0.735654711723328,3.05079817771912,1.06238913536072,K,16
OUTPUT,NaN,NaN,NaN,NaN,NaN,NaN

INPUT,0.364737093448639,0.0472888946533203,0.785893440246582,-0.782166838645935,3.04776430130005,1.10996377468109,K,17
OUTPUT,NaN,NaN,NaN,NaN,NaN,NaN

INPUT,0.366431176662445,0.0477327555418015,0.791492402553558,-0.8154137134552,3.04572367668152,1.14392960071564,K,18
OUTPUT,NaN,NaN,NaN,NaN,NaN,NaN

INPUT,0.3674476146698,0.0479990690946579,0.794851720333099,-0.835370540618896,3.0445511341095,1.16430354118347,K,19
OUTPUT,NaN,NaN,NaN,NaN,NaN,NaN

INPUT,0.367786437273026,0.0480878427624702,0.795971512794495,-0.842024147510529,3.0441689491272,1.17109394073486,K,20
OUTPUT,NaN,NaN,NaN,NaN,NaN,NaN

INPUT,0.351877629756927,0.0486910976469517,0.734387457370758,-0.680877506732941,3.06523990631104,0.931420505046844,K,12
OUTPUT,NaN,NaN,NaN,NaN,NaN,NaN

INPUT,0.355556905269623,0.0501760691404343,0.745582222938538,-0.764606297016144,3.05981040000916,1.01756048202515,K,13
OUTPUT,NaN,NaN,NaN,NaN,NaN,NaN

INPUT,0.359236180782318,0.0516610406339169,0.756776928901672,-0.848495721817017,3.05496978759766,1.10357546806335,K,14
OUTPUT,NaN,NaN,NaN,NaN,NaN,NaN

INPUT,0.362915456295013,0.0531460121273994,0.767971694469452,-0.932507872581482,3.05075311660767,1.18950140476227,K,15
OUTPUT,NaN,NaN,NaN,NaN,NaN,NaN

INPUT,0.36622679233551,0.0544824860990047,0.77804696559906,-1.00819969177246,3.04751706123352,1.2667795419693,K,16
OUTPUT,NaN,NaN,NaN,NaN,NaN,NaN

INPUT,0.368802279233932,0.0555219687521458,0.785883247852325,-1.06711268424988,3.04537892341614,1.32685792446136,K,17
OUTPUT,NaN,NaN,NaN,NaN,NaN,NaN

INPUT,0.37064191699028,0.0562644563615322,0.791480600833893,-1.10921156406403,3.04405951499939,1.36976003646851,K,18
OUTPUT,NaN,NaN,NaN,NaN,NaN,NaN

INPUT,0.371745675802231,0.0567099452018738,0.794839024543762,-1.13447690010071,3.0433521270752,1.3954975605011,K,19
OUTPUT,NaN,NaN,NaN,NaN,NaN,NaN

INPUT,0.372113615274429,0.0568584427237511,0.795958518981934,-1.14289975166321,3.04313039779663,1.40407621860504,K,20
OUTPUT,NaN,NaN,NaN,NaN,NaN,NaN

INPUT,0.352242410182953,0.0551225915551186,0.740660309791565,-0.681847155094147,2.98805022239685,0.968487024307251,K,5
OUTPUT,NaN,NaN,NaN,NaN,NaN,NaN

INPUT,0.356202512979507,0.0575398951768875,0.751979947090149,-0.772538840770721,2.97382307052612,1.09520828723907,K,6
OUTPUT,NaN,NaN,NaN,NaN,NaN,NaN

INPUT,0.359282582998276,0.0594200193881989,0.760784089565277,-0.84503972530365,2.96408200263977,1.19197463989258,K,7
OUTPUT,NaN,NaN,NaN,NaN,NaN,NaN

INPUT,0.36148265004158,0.0607629641890526,0.767072796821594,-0.897614240646362,2.9578800201416,1.26039004325867,K,8
OUTPUT,NaN,NaN,NaN,NaN,NaN,NaN

INPUT,0.362802684307098,0.0615687295794487,0.770846009254456,-0.929416537284851,2.9544734954834,1.30121350288391,K,9
OUTPUT,NaN,NaN,NaN,NaN,NaN,NaN

INPUT,0.354936599731445,0.0463816523551941,0.737369060516357,-0.626994729042053,3.05405259132385,1.03811407089233,K,5
OUTPUT,NaN,NaN,NaN,NaN,NaN,NaN

INPUT,0.360115468502045,0.0480316989123821,0.751034736633301,-0.735666453838348,3.04491877555847,1.18450784683228,K,6
OUTPUT,NaN,NaN,NaN,NaN,NaN,NaN

INPUT,0.364143490791321,0.0493150651454926,0.761663556098938,-0.822378098964691,3.0388720035553,1.29625201225281,K,7
OUTPUT,NaN,NaN,NaN,NaN,NaN,NaN

INPUT,0.367020636796951,0.050231758505106,0.769255578517914,-0.885145366191864,3.03515887260437,1.37527418136597,K,8
OUTPUT,NaN,NaN,NaN,NaN,NaN,NaN

INPUT,0.368746936321259,0.0507817752659321,0.773810803890228,-0.923065304756165,3.03318285942078,1.42244052886963,K,9
OUTPUT,NaN,NaN,NaN,NaN,NaN,NaN

INPUT,0.35482382774353,0.0433315336704254,0.737951397895813,-0.580910682678223,3.06606864929199,0.831233024597168,K,5
OUTPUT,NaN,NaN,NaN,NaN,NaN,NaN

INPUT,0.359956741333008,0.0445213541388512,0.751672744750977,-0.672457873821259,3.0573046207428,0.955970227718353,K,6
OUTPUT,NaN,NaN,NaN,NaN,NaN,NaN

INPUT,0.363949030637741,0.0454467721283436,0.76234495639801,-0.745807290077209,3.05115032196045,1.05089426040649,K,7
OUTPUT,NaN,NaN,NaN,NaN,NaN,NaN

INPUT,0.366800665855408,0.0461077839136124,0.769967973232269,-0.799038350582123,3.04713749885559,1.11788582801819,K,8
OUTPUT,NaN,NaN,NaN,NaN,NaN,NaN

INPUT,0.368511646986008,0.0465043894946575,0.774541735649109,-0.831247866153717,3.04489040374756,1.15782058238983,K,9
OUTPUT,NaN,NaN,NaN,NaN,NaN,NaN

INPUT,0.357707023620605,0.0492076203227043,0.738140821456909,-0.814444005489349,3.06048655509949,0.972242176532745,K,5
OUTPUT,NaN,NaN,NaN,NaN,NaN,NaN

INPUT,0.363187104463577,0.0513179451227188,0.751790106296539,-0.930204927921295,3.05276560783386,1.13011479377747,K,6
OUTPUT,NaN,NaN,NaN,NaN,NaN,NaN

INPUT,0.367449373006821,0.0529593080282211,0.762406170368195,-1.02245569229126,3.04787707328796,1.25074851512909,K,7
OUTPUT,NaN,NaN,NaN,NaN,NaN,NaN

INPUT,0.370493859052658,0.0541317127645016,0.769989132881165,-1.08916676044464,3.04502058029175,1.33612525463104,K,8
OUTPUT,NaN,NaN,NaN,NaN,NaN,NaN

INPUT,0.372320562601089,0.0548351518809795,0.77453887462616,-1.12944066524506,3.04356956481934,1.38711321353912,K,9
OUTPUT,NaN,NaN,NaN,NaN,NaN,NaN

INPUT,0.34672012925148,0.0491087958216667,0.743883013725281,-0.523020029067993,3.01978254318237,0.981019973754883,K,13
OUTPUT,NaN,NaN,NaN,NaN,NaN,NaN

INPUT,0.349538415670395,0.050488855689764,0.754935383796692,-0.593972206115723,3.01115679740906,1.05370140075684,K,14
OUTPUT,NaN,NaN,NaN,NaN,NaN,NaN

INPUT,0.352356672286987,0.0518689192831516,0.765987753868103,-0.665066659450531,3.00320172309875,1.12631833553314,K,15
OUTPUT,NaN,NaN,NaN,NaN,NaN,NaN

INPUT,0.354893147945404,0.0531109794974327,0.775934875011444,-0.72915256023407,2.99665021896362,1.19163763523102,K,16
OUTPUT,NaN,NaN,NaN,NaN,NaN,NaN

INPUT,0.35686594247818,0.0540770217776299,0.78367155790329,-0.779053270816803,2.99197149276733,1.24242603778839,K,17
OUTPUT,NaN,NaN,NaN,NaN,NaN,NaN

INPUT,0.358275085687637,0.0547670535743237,0.789197742938995,-0.814723193645477,2.98885989189148,1.27869784832001,K,18
OUTPUT,NaN,NaN,NaN,NaN,NaN,NaN

INPUT,0.359120547771454,0.0551810711622238,0.792513430118561,-0.836134731769562,2.98708748817444,1.30045926570892,K,19
OUTPUT,NaN,NaN,NaN,NaN,NaN,NaN

INPUT,0.359402388334274,0.0553190782666206,0.793618679046631,-0.843273460865021,2.98651242256165,1.30771279335022,K,20
OUTPUT,NaN,NaN,NaN,NaN,NaN,NaN

INPUT,0.352848500013351,0.0456944070756435,0.733618557453156,-0.563084304332733,3.06282520294189,0.881906688213348,K,12
OUTPUT,NaN,NaN,NaN,NaN,NaN,NaN

INPUT,0.356604009866714,0.0468555428087711,0.744759082794189,-0.638160645961761,3.05666875839233,0.959133744239807,K,13
OUTPUT,NaN,NaN,NaN,NaN,NaN,NaN

INPUT,0.360359489917755,0.0480166785418987,0.755899488925934,-0.713396310806274,3.05100393295288,1.03623962402344,K,14
OUTPUT,NaN,NaN,NaN,NaN,NaN,NaN

INPUT,0.364114969968796,0.0491778142750263,0.767040014266968,-0.788756132125854,3.04586362838745,1.11325860023499,K,15
OUTPUT,NaN,NaN,NaN,NaN,NaN,NaN

INPUT,0.367494910955429,0.0502228364348412,0.77706640958786,-0.856664478778839,3.04171109199524,1.18252182006836,K,16
OUTPUT,NaN,NaN,NaN,NaN,NaN,NaN

INPUT,0.370123744010925,0.0510356314480305,0.784864723682404,-0.90952742099762,3.03880453109741,1.23636639118195,K,17
OUTPUT,NaN,NaN,NaN,NaN,NaN,NaN

INPUT,0.372001498937607,0.0516161993145943,0.790435016155243,-0.947307288646698,3.03690671920776,1.27481544017792,K,18
OUTPUT,NaN,NaN,NaN,NaN,NaN,NaN

INPUT,0.373128145933151,0.0519645400345325,0.793777108192444,-0.96998256444931,3.0358407497406,1.29788112640381,K,19
OUTPUT,NaN,NaN,NaN,NaN,NaN,NaN

INPUT,0.373503684997559,0.0520806536078453,0.794891178607941,-0.977542161941528,3.03549766540527,1.30556905269623,K,20
OUTPUT,NaN,NaN,NaN,NaN,NaN,NaN

INPUT,0.346987277269363,0.0504560694098473,0.742144227027893,-0.481845945119858,3.01698470115662,1.1212717294693,K,13
OUTPUT,NaN,NaN,NaN,NaN,NaN,NaN

INPUT,0.349662750959396,0.0519725233316422,0.753185272216797,-0.558308482170105,3.00804162025452,1.19789230823517,K,14
OUTPUT,NaN,NaN,NaN,NaN,NaN,NaN

INPUT,0.352338194847107,0.0534889735281467,0.764226317405701,-0.634824216365814,2.99987888336182,1.27454710006714,K,15
OUTPUT,NaN,NaN,NaN,NaN,NaN,NaN

INPUT,0.354746133089066,0.0548537857830524,0.774163246154785,-0.703730762004852,2.993239402771,1.34356641769409,K,16
OUTPUT,NaN,NaN,NaN,NaN,NaN,NaN

INPUT,0.356618970632553,0.0559152998030186,0.781892001628876,-0.757350325584412,2.98855996131897,1.39726710319519,K,17
OUTPUT,NaN,NaN,NaN,NaN,NaN,NaN

INPUT,0.35795670747757,0.056673526763916,0.787412524223328,-0.795662760734558,2.98548555374146,1.4356347322464,K,18
OUTPUT,NaN,NaN,NaN,NaN,NaN,NaN

INPUT,0.358759343624115,0.0571284629404545,0.790724813938141,-0.818655014038086,2.98375034332275,1.45865905284882,K,19
OUTPUT,NaN,NaN,NaN,NaN,NaN,NaN

INPUT,0.359026879072189,0.057280108332634,0.79182893037796,-0.826319873332977,2.98319029808044,1.46633434295654,K,20
OUTPUT,NaN,NaN,NaN,NaN,NaN,NaN

INPUT,0.346922248601913,0.0564995408058167,0.743651211261749,-0.666284799575806,2.99123048782349,0.893717527389526,K,13
OUTPUT,NaN,NaN,NaN,NaN,NaN,NaN

INPUT,0.349770665168762,0.0585790872573853,0.754672527313232,-0.740405321121216,2.98079776763916,0.968784809112549,K,14
OUTPUT,NaN,NaN,NaN,NaN,NaN,NaN

INPUT,0.352619111537933,0.0606586337089539,0.76569390296936,-0.814641416072845,2.97125625610352,1.04385673999786,K,15
OUTPUT,NaN,NaN,NaN,NaN,NaN,NaN

INPUT,0.355182707309723,0.0625302270054817,0.775613188743591,-0.881539762020111,2.96347522735596,1.11143445968628,K,16
OUTPUT,NaN,NaN,NaN,NaN,NaN,NaN

INPUT,0.357176601886749,0.0639859065413475,0.783328115940094,-0.933621466159821,2.95797562599182,1.16400671005249,K,17
OUTPUT,NaN,NaN,NaN,NaN,NaN,NaN

INPUT,0.358600825071335,0.0650256797671318,0.788838803768158,-0.970846831798553,2.95435261726379,1.20156538486481,K,18
OUTPUT,NaN,NaN,NaN,NaN,NaN,NaN

INPUT,0.359455347061157,0.0656495466828346,0.792145192623138,-0.993191003799438,2.952303647995,1.22410368919373,K,19
OUTPUT,NaN,NaN,NaN,NaN,NaN,NaN

INPUT,0.359740197658539,0.0658574998378754,0.79324734210968,-1.00064039230347,2.95164155960083,1.23161685466766,K,20
OUTPUT,NaN,NaN,NaN,NaN,NaN,NaN

INPUT,0.35208922624588,0.0422692708671093,0.73290753364563,-0.618472099304199,3.07813429832458,0.901873469352722,K,12
OUTPUT,NaN,NaN,NaN,NaN,NaN,NaN

INPUT,0.355583280324936,0.0430836342275143,0.744138538837433,-0.698073327541351,3.07288980484009,0.982406198978424,K,13
OUTPUT,NaN,NaN,NaN,NaN,NaN,NaN

INPUT,0.359077334403992,0.0438979975879192,0.755369603633881,-0.777751922607422,3.06808519363403,1.0628889799118,K,14
OUTPUT,NaN,NaN,NaN,NaN,NaN,NaN

INPUT,0.362571358680725,0.0447123609483242,0.766600608825684,-0.857491254806519,3.0637514591217,1.14333820343018,K,15
OUTPUT,NaN,NaN,NaN,NaN,NaN,NaN

INPUT,0.365716010332108,0.0454452894628048,0.776708543300629,-0.929298222064972,3.06027674674988,1.21572279930115,K,16
OUTPUT,NaN,NaN,NaN,NaN,NaN,NaN

INPUT,0.368161827325821,0.0460153445601463,0.784570217132568,-0.985170364379883,3.05786490440369,1.27201282978058,K,17
OUTPUT,NaN,NaN,NaN,NaN,NaN,NaN

INPUT,0.36990886926651,0.0464225262403488,0.790185749530792,-1.02508926391602,3.05630302429199,1.31221640110016,K,18
OUTPUT,NaN,NaN,NaN,NaN,NaN,NaN

INPUT,0.37095707654953,0.0466668382287025,0.793555021286011,-1.04904425144196,3.05543112754822,1.33633732795715,K,19
OUTPUT,NaN,NaN,NaN,NaN,NaN,NaN

INPUT,0.371306478977203,0.0467482730746269,0.794678151607513,-1.05702984333038,3.05515170097351,1.3443775177002,K,20
OUTPUT,NaN,NaN,NaN,NaN,NaN,NaN

INPUT,0.353290438652039,0.0464554205536842,0.732525229454041,-0.53562468290329,3.07622122764587,0.977515280246735,K,12
OUTPUT,NaN,NaN,NaN,NaN,NaN,NaN

INPUT,0.356909781694412,0.0477104485034943,0.743717789649963,-0.615013599395752,3.07079720497131,1.05750894546509,K,13
OUTPUT,NaN,NaN,NaN,NaN,NaN,NaN

INPUT,0.360529124736786,0.0489654764533043,0.754910409450531,-0.694458603858948,3.0658221244812,1.13747572898865,K,14
OUTPUT,NaN,NaN,NaN,NaN,NaN,NaN

INPUT,0.364148497581482,0.050220500677824,0.766102969646454,-0.773948788642883,3.06132793426514,1.21742606163025,K,15
OUTPUT,NaN,NaN,NaN,NaN,NaN,NaN

INPUT,0.367405921220779,0.0513500273227692,0.776176273822784,-0.845521509647369,3.05771780014038,1.28937315940857,K,16
OUTPUT,NaN,NaN,NaN,NaN,NaN,NaN

INPUT,0.36993944644928,0.0522285476326942,0.784011125564575,-0.901206493377686,3.05520725250244,1.34532868862152,K,17
OUTPUT,NaN,NaN,NaN,NaN,NaN,NaN

INPUT,0.371749132871628,0.0528560616075993,0.789607405662537,-0.940989553928375,3.05357813835144,1.3852961063385,K,18
OUTPUT,NaN,NaN,NaN,NaN,NaN,NaN

INPUT,0.372834920883179,0.0532325692474842,0.792965173721313,-0.96486234664917,3.05266761779785,1.40927624702454,K,19
OUTPUT,NaN,NaN,NaN,NaN,NaN,NaN

INPUT,0.373196870088577,0.0533580705523491,0.794084429740906,-0.972820341587067,3.05237531661987,1.41726958751678,K,20
OUTPUT,NaN,NaN,NaN,NaN,NaN,NaN

INPUT,0.353023618459702,0.0513830222189426,0.7430340051651,-0.458508968353271,3.03758120536804,1.0778980255127,K,13
OUTPUT,NaN,NaN,NaN,NaN,NaN,NaN

INPUT,0.356273531913757,0.0529877468943596,0.754160702228546,-0.531714141368866,3.02988195419312,1.15128433704376,K,14
OUTPUT,NaN,NaN,NaN,NaN,NaN,NaN

INPUT,0.359523445367813,0.0545924715697765,0.765287399291992,-0.604960978031158,3.02278137207031,1.22468972206116,K,15
OUTPUT,NaN,NaN,NaN,NaN,NaN,NaN

INPUT,0.362448364496231,0.0560367219150066,0.775301456451416,-0.67091578245163,3.01693487167358,1.29077243804932,K,16
OUTPUT,NaN,NaN,NaN,NaN,NaN,NaN

INPUT,0.364723324775696,0.0571600310504436,0.783090114593506,-0.722233891487122,3.01276087760925,1.34218227863312,K,17
OUTPUT,NaN,NaN,NaN,NaN,NaN,NaN

INPUT,0.366348266601563,0.057962391525507,0.788653492927551,-0.758899390697479,3.00998640060425,1.37890994548798,K,18
OUTPUT,NaN,NaN,NaN,NaN,NaN,NaN

INPUT,0.367323249578476,0.0584438070654869,0.791991472244263,-0.780902504920959,3.00840640068054,1.40094900131226,K,19
OUTPUT,NaN,NaN,NaN,NaN,NaN,NaN

INPUT,0.367648243904114,0.0586042813956738,0.79310417175293,-0.788237392902374,3.00789403915405,1.40829586982727,K,20
OUTPUT,NaN,NaN,NaN,NaN,NaN,NaN

INPUT,0.358887165784836,0.0459175333380699,0.73722106218338,-0.681037306785583,3.05737257003784,0.920374929904938,K,5
OUTPUT,NaN,NaN,NaN,NaN,NaN,NaN

INPUT,0.364575386047363,0.0475040897727013,0.750822782516479,-0.78525447845459,3.04824686050415,1.06148588657379,K,6
OUTPUT,NaN,NaN,NaN,NaN,NaN,NaN

INPUT,0.368999540805817,0.0487380735576153,0.761401891708374,-0.868536055088043,3.04209280014038,1.16908204555511,K,7
OUTPUT,NaN,NaN,NaN,NaN,NaN,NaN

INPUT,0.372159630060196,0.0496194921433926,0.768958389759064,-0.928874135017395,3.03823971748352,1.24511885643005,K,8
OUTPUT,NaN,NaN,NaN,NaN,NaN,NaN

INPUT,0.374055713415146,0.0501483418047428,0.773492336273193,-0.965345978736877,3.03615427017212,1.29048418998718,K,9
OUTPUT,NaN,NaN,NaN,NaN,NaN,NaN

INPUT,0.357686102390289,0.0422793030738831,0.736556589603424,-0.746173202991486,3.07349896430969,0.938770473003387,K,5
OUTPUT,NaN,NaN,NaN,NaN,NaN,NaN

INPUT,0.362894952297211,0.043346781283617,0.750307202339172,-0.855303645133972,3.06577086448669,1.08750700950623,K,6
OUTPUT,NaN,NaN,NaN,NaN,NaN,NaN

INPUT,0.366946250200272,0.0441770404577255,0.76100218296051,-0.942644119262695,3.06060695648193,1.20077800750732,K,7
OUTPUT,NaN,NaN,NaN,NaN,NaN,NaN

INPUT,0.369840025901794,0.0447700843214989,0.768641412258148,-1.00595510005951,3.0574061870575,1.28078484535217,K,8
OUTPUT,NaN,NaN,NaN,NaN,NaN,NaN

INPUT,0.371576309204102,0.0451259091496468,0.773224949836731,-1.04423010349274,3.05568933486938,1.32850933074951,K,9
OUTPUT,NaN,NaN,NaN,NaN,NaN,NaN

INPUT,0.359105110168457,0.0469387024641037,0.736152768135071,-0.661713898181915,3.07154297828674,1.01530539989471,K,5
OUTPUT,NaN,NaN,NaN,NaN,NaN,NaN

INPUT,0.364539295434952,0.0487194806337357,0.749836802482605,-0.771009385585785,3.06349515914917,1.16265118122101,K,6
OUTPUT,NaN,NaN,NaN,NaN,NaN,NaN

INPUT,0.368765890598297,0.0501045286655426,0.760479927062988,-0.858410954475403,3.05810046195984,1.27491104602814,K,7
OUTPUT,NaN,NaN,NaN,NaN,NaN,NaN

INPUT,0.371784895658493,0.0510938502848148,0.768082201480865,-0.92174106836319,3.05474591255188,1.35422194004059,K,8
OUTPUT,NaN,NaN,NaN,NaN,NaN,NaN

INPUT,0.373596280813217,0.0516874417662621,0.772643506526947,-0.960020303726196,3.05294132232666,1.40153682231903,K,9
OUTPUT,NaN,NaN,NaN,NaN,NaN,NaN

INPUT,0.35107833147049,0.0485027581453323,0.742229819297791,-0.59917688369751,3.01632928848267,0.976235091686249,K,5
OUTPUT,NaN,NaN,NaN,NaN,NaN,NaN

INPUT,0.354814559221268,0.0501260869204998,0.753616213798523,-0.684737801551819,3.00429582595825,1.09774029254913,K,6
OUTPUT,NaN,NaN,NaN,NaN,NaN,NaN

INPUT,0.357720524072647,0.0513886734843254,0.762472331523895,-0.753288507461548,2.99591851234436,1.19035243988037,K,7
OUTPUT,NaN,NaN,NaN,NaN,NaN,NaN

INPUT,0.359796196222305,0.0522905215620995,0.768798112869263,-0.803061425685883,2.99049711227417,1.2557532787323,K,8
OUTPUT,NaN,NaN,NaN,NaN,NaN,NaN

INPUT,0.361041605472565,0.0528316274285316,0.772593557834625,-0.833190858364105,2.98747873306274,1.29474985599518,K,9
OUTPUT,NaN,NaN,NaN,NaN,NaN,NaN

INPUT,0.351168662309647,0.049933947622776,0.740186810493469,-0.561653971672058,3.01368570327759,1.11774206161499,K,5
OUTPUT,NaN,NaN,NaN,NaN,NaN,NaN

INPUT,0.354767173528671,0.0517433024942875,0.751668155193329,-0.654691874980927,3.00119256973267,1.24531996250153,K,6
OUTPUT,NaN,NaN,NaN,NaN,NaN,NaN

INPUT,0.357566028833389,0.0531505718827248,0.760598063468933,-0.729005098342896,2.99262094497681,1.34272229671478,K,7
OUTPUT,NaN,NaN,NaN,NaN,NaN,NaN

INPUT,0.359565198421478,0.0541557669639587,0.766976535320282,-0.782861471176147,2.98715376853943,1.41158318519592,K,8
OUTPUT,NaN,NaN,NaN,NaN,NaN,NaN

INPUT,0.360764712095261,0.0547588840126991,0.77080363035202,-0.815427422523499,2.98414635658264,1.45267152786255,K,9
OUTPUT,NaN,NaN,NaN,NaN,NaN,NaN

INPUT,0.351262271404266,0.0557316392660141,0.741961479187012,-0.746358275413513,2.98646521568298,0.887209236621857,K,5
OUTPUT,NaN,NaN,NaN,NaN,NaN,NaN

INPUT,0.355048090219498,0.0582325533032417,0.753353893756866,-0.835598468780518,2.97219848632813,1.01328599452972,K,6
OUTPUT,NaN,NaN,NaN,NaN,NaN,NaN

INPUT,0.357992649078369,0.0601777024567127,0.762214660644531,-0.907001793384552,2.96241164207458,1.10952031612396,K,7
OUTPUT,NaN,NaN,NaN,NaN,NaN,NaN

INPUT,0.360095888376236,0.061567097902298,0.768543779850006,-0.958806931972504,2.95616865158081,1.17754149436951,K,8
OUTPUT,NaN,NaN,NaN,NaN,NaN,NaN

INPUT,0.361357808113098,0.0624007359147072,0.772341251373291,-0.990152895450592,2.95273375511169,1.21812331676483,K,9
OUTPUT,NaN,NaN,NaN,NaN,NaN,NaN

INPUT,0.350425541400909,0.0481637232005596,0.731756329536438,-0.504743933677673,3.04963946342468,0.943972766399384,K,12
OUTPUT,NaN,NaN,NaN,NaN,NaN,NaN

INPUT,0.353744745254517,0.0495986714959145,0.742865681648254,-0.580866515636444,3.04187893867493,1.02056264877319,K,13
OUTPUT,NaN,NaN,NaN,NaN,NaN,NaN

INPUT,0.357063919305801,0.051033616065979,0.753974974155426,-0.65705019235611,3.0346987247467,1.09714818000793,K,14
OUTPUT,NaN,NaN,NaN,NaN,NaN,NaN

INPUT,0.360383123159409,0.0524685643613338,0.765084326267242,-0.733286201953888,3.02814102172852,1.17373764514923,K,15
OUTPUT,NaN,NaN,NaN,NaN,NaN,NaN

INPUT,0.363370418548584,0.0537600144743919,0.77508270740509,-0.801937818527222,3.02280306816101,1.24267542362213,K,16
OUTPUT,NaN,NaN,NaN,NaN,NaN,NaN

INPUT,0.365693867206573,0.0547644793987274,0.782859265804291,-0.85535591840744,3.01903796195984,1.29629969596863,K,17
OUTPUT,NaN,NaN,NaN,NaN,NaN,NaN

INPUT,0.367353439331055,0.0554819516837597,0.788413941860199,-0.8935227394104,3.01656222343445,1.33460652828217,K,18
OUTPUT,NaN,NaN,NaN,NaN,NaN,NaN

INPUT,0.368349224328995,0.0559124350547791,0.79174667596817,-0.916426837444305,3.0151641368866,1.35759198665619,K,19
OUTPUT,NaN,NaN,NaN,NaN,NaN,NaN

INPUT,0.368681132793427,0.0560559295117855,0.792857646942139,-0.924062132835388,3.01471281051636,1.36525404453278,K,20
OUTPUT,NaN,NaN,NaN,NaN,NaN,NaN

INPUT,0.353958368301392,0.0490912348031998,0.731243789196014,-0.459748387336731,3.0466456413269,0.93840891122818,K,4
OUTPUT,NaN,NaN,NaN,NaN,NaN,NaN

INPUT,0.358079731464386,0.051108967512846,0.742371737957001,-0.54135674238205,3.03469777107239,1.06795942783356,K,5
OUTPUT,NaN,NaN,NaN,NaN,NaN,NaN

INPUT,0.362201124429703,0.0531267002224922,0.753499686717987,-0.627660572528839,3.02388978004456,1.19294309616089,K,6
OUTPUT,NaN,NaN,NaN,NaN,NaN,NaN

INPUT,0.365406632423401,0.054696049541235,0.762154698371887,-0.697021067142487,3.01635766029358,1.28800487518311,K,7
OUTPUT,NaN,NaN,NaN,NaN,NaN,NaN

INPUT,0.367696315050125,0.055817011743784,0.768336892127991,-0.747456908226013,3.0114803314209,1.35505878925323,K,8
OUTPUT,NaN,NaN,NaN,NaN,NaN,NaN

INPUT,0.369070082902908,0.0564895905554295,0.772046208381653,-0.778009951114655,3.00876379013062,1.39501678943634,K,9
OUTPUT,NaN,NaN,NaN,NaN,NaN,NaN

INPUT,0.353267848491669,0.0564428679645061,0.741708695888519,-0.773722648620605,2.99325919151306,1.06705915927887,K,13
OUTPUT,NaN,NaN,NaN,NaN,NaN,NaN

INPUT,0.356541395187378,0.0585295967757702,0.752708196640015,-0.861514687538147,2.98384547233582,1.15523064136505,K,14
OUTPUT,NaN,NaN,NaN,NaN,NaN,NaN

INPUT,0.359814941883087,0.0606163293123245,0.76370769739151,-0.949388265609741,2.97564792633057,1.24344348907471,K,15
OUTPUT,NaN,NaN,NaN,NaN,NaN,NaN

INPUT,0.36276113986969,0.0624943859875202,0.773607313632965,-1.02853465080261,2.96936297416687,1.32286953926086,K,16
OUTPUT,NaN,NaN,NaN,NaN,NaN,NaN

INPUT,0.365052610635757,0.0639550983905792,0.781306982040405,-1.09012699127197,2.96521806716919,1.38466656208038,K,17
OUTPUT,NaN,NaN,NaN,NaN,NaN,NaN

INPUT,0.366689383983612,0.0649984702467918,0.786806762218475,-1.1341370344162,2.96266531944275,1.42881751060486,K,18
OUTPUT,NaN,NaN,NaN,NaN,NaN,NaN

INPUT,0.367671459913254,0.0656244829297066,0.790106594562531,-1.16054844856262,2.96129941940308,1.45531153678894,K,19
OUTPUT,NaN,NaN,NaN,NaN,NaN,NaN

INPUT,0.36799880862236,0.0658331587910652,0.791206538677216,-1.16935324668884,2.96087193489075,1.46414363384247,K,20
OUTPUT,NaN,NaN,NaN,NaN,NaN,NaN

INPUT,0.356033205986023,0.0485441498458385,0.735023856163025,-0.622125446796417,3.0427029132843,0.983462274074554,K,5
OUTPUT,NaN,NaN,NaN,NaN,NaN,NaN

INPUT,0.361135452985764,0.050521295517683,0.748701930046082,-0.728346049785614,3.03113079071045,1.12325704097748,K,6
OUTPUT,NaN,NaN,NaN,NaN,NaN,NaN

INPUT,0.365103870630264,0.0520590730011463,0.759340405464172,-0.813145756721497,3.02325654029846,1.22990369796753,K,7
OUTPUT,NaN,NaN,NaN,NaN,NaN,NaN

INPUT,0.367938488721848,0.0531574860215187,0.766939282417297,-0.874549746513367,3.01828265190125,1.30529868602753,K,8
OUTPUT,NaN,NaN,NaN,NaN,NaN,NaN

INPUT,0.369639217853546,0.0538165308535099,0.771498620510101,-0.911655426025391,3.01557040214539,1.35029149055481,K,9
OUTPUT,NaN,NaN,NaN,NaN,NaN,NaN

INPUT,0.357704341411591,0.0555455759167671,0.740344047546387,-0.870134234428406,2.98897171020508,1.05736076831818,K,5
OUTPUT,NaN,NaN,NaN,NaN,NaN,NaN

INPUT,0.361916035413742,0.0580578707158566,0.751571774482727,-0.975546002388,2.97652006149292,1.20591199398041,K,6
OUTPUT,NaN,NaN,NaN,NaN,NaN,NaN

INPUT,0.365191787481308,0.0600118786096573,0.760304510593414,-1.0595703125,2.96861100196838,1.31957817077637,K,7
OUTPUT,NaN,NaN,NaN,NaN,NaN,NaN

INPUT,0.367531597614288,0.0614075995981693,0.766542136669159,-1.12036430835724,2.96396589279175,1.40006732940674,K,8
OUTPUT,NaN,NaN,NaN,NaN,NaN,NaN

INPUT,0.368935495615005,0.0622450336813927,0.770284712314606,-1.15708065032959,2.96159291267395,1.44814705848694,K,9
OUTPUT,NaN,NaN,NaN,NaN,NaN,NaN

INPUT,0.351867407560349,0.0445993803441525,0.742772817611694,-0.418508172035217,3.04345488548279,1.07192969322205,K,13
OUTPUT,NaN,NaN,NaN,NaN,NaN,NaN

INPUT,0.355007022619247,0.0455580987036228,0.753874599933624,-0.48951718211174,3.03605175018311,1.14309620857239,K,14
OUTPUT,NaN,NaN,NaN,NaN,NaN,NaN

INPUT,0.358146637678146,0.0465168245136738,0.764976441860199,-0.560563087463379,3.02918076515198,1.21427965164185,K,15
OUTPUT,NaN,NaN,NaN,NaN,NaN,NaN

INPUT,0.360972285270691,0.0473796725273132,0.774968147277832,-0.624533355236053,3.02348113059998,1.27836060523987,K,16
OUTPUT,NaN,NaN,NaN,NaN,NaN,NaN

INPUT,0.363169997930527,0.0480507798492908,0.782739400863647,-0.67430579662323,3.01938080787659,1.32821226119995,K,17
OUTPUT,NaN,NaN,NaN,NaN,NaN,NaN

INPUT,0.364739805459976,0.048530139029026,0.788290321826935,-0.709866404533386,3.01663661003113,1.36382639408112,K,18
OUTPUT,NaN,NaN,NaN,NaN,NaN,NaN

INPUT,0.365681678056717,0.0488177575170994,0.791620850563049,-0.731206297874451,3.01506567001343,1.38519728183746,K,19
OUTPUT,NaN,NaN,NaN,NaN,NaN,NaN

INPUT,0.365995645523071,0.0489136278629303,0.792731046676636,-0.738320052623749,3.01455473899841,1.39232122898102,K,20
OUTPUT,NaN,NaN,NaN,NaN,NaN,NaN

INPUT,0.352499127388,0.0446701124310493,0.732763588428497,-0.478615939617157,3.07305955886841,1.04150640964508,K,12
OUTPUT,NaN,NaN,NaN,NaN,NaN,NaN

INPUT,0.356037050485611,0.045737762004137,0.743977129459381,-0.558424353599548,3.06741046905518,1.12182521820068,K,13
OUTPUT,NaN,NaN,NaN,NaN,NaN,NaN

INPUT,0.359574973583221,0.0468054115772247,0.755190551280975,-0.638283371925354,3.06223654747009,1.20212519168854,K,14
OUTPUT,NaN,NaN,NaN,NaN,NaN,NaN

INPUT,0.363112896680832,0.0478730648756027,0.766404032707214,-0.718184053897858,3.05757069587708,1.28241503238678,K,15
OUTPUT,NaN,NaN,NaN,NaN,NaN,NaN

INPUT,0.366297036409378,0.0488339476287365,0.776496171951294,-0.790124177932739,3.05383062362671,1.35467207431793,K,16
OUTPUT,NaN,NaN,NaN,NaN,NaN,NaN

INPUT,0.368773579597473,0.049581304192543,0.784345626831055,-0.846093654632568,3.05123591423035,1.41087079048157,K,17
OUTPUT,NaN,NaN,NaN,NaN,NaN,NaN

INPUT,0.37054255604744,0.050115130841732,0.789952397346497,-0.886079668998718,3.04955577850342,1.45101296901703,K,18
OUTPUT,NaN,NaN,NaN,NaN,NaN,NaN

INPUT,0.371603935956955,0.0504354238510132,0.793316423892975,-0.91007399559021,3.04861831665039,1.47509837150574,K,19
OUTPUT,NaN,NaN,NaN,NaN,NaN,NaN

INPUT,0.371957719326019,0.0505421906709671,0.794437766075134,-0.918072462081909,3.04831767082214,1.4831268787384,K,20
OUTPUT,NaN,NaN,NaN,NaN,NaN,NaN

INPUT,0.354341298341751,0.0403511002659798,0.733582735061646,-0.502219378948212,3.10469150543213,0.884962141513824,K,12
OUTPUT,NaN,NaN,NaN,NaN,NaN,NaN

INPUT,0.358071655035019,0.0409635081887245,0.74488639831543,-0.574629247188568,3.10143351554871,0.958588778972626,K,13
OUTPUT,NaN,NaN,NaN,NaN,NaN,NaN

INPUT,0.361802011728287,0.0415759161114693,0.756190061569214,-0.647132515907288,3.09838938713074,1.03213143348694,K,14
OUTPUT,NaN,NaN,NaN,NaN,NaN,NaN

INPUT,0.365532368421555,0.042188324034214,0.767493665218353,-0.719706535339355,3.09557557106018,1.10561239719391,K,15
OUTPUT,NaN,NaN,NaN,NaN,NaN,NaN

INPUT,0.368889689445496,0.0427394919097424,0.777666985988617,-0.785070478916168,3.09325242042542,1.17170596122742,K,16
OUTPUT,NaN,NaN,NaN,NaN,NaN,NaN

INPUT,0.371500939130783,0.0431681759655476,0.785579562187195,-0.835933864116669,3.0915892124176,1.22309184074402,K,17
OUTPUT,NaN,NaN,NaN,NaN,NaN,NaN

INPUT,0.373366117477417,0.0434743799269199,0.791231393814087,-0.872276306152344,3.09048104286194,1.2597873210907,K,18
OUTPUT,NaN,NaN,NaN,NaN,NaN,NaN

INPUT,0.374485224485397,0.0436581037938595,0.794622480869293,-0.894085705280304,3.08984875679016,1.28180146217346,K,19
OUTPUT,NaN,NaN,NaN,NaN,NaN,NaN

INPUT,0.374858260154724,0.0437193438410759,0.795752823352814,-0.901356160640717,3.08964347839355,1.28913903236389,K,20
OUTPUT,NaN,NaN,NaN,NaN,NaN,NaN

INPUT,0.358265221118927,0.044965572655201,0.736359298229218,-0.603186726570129,3.06828045845032,1.08162975311279,K,5
OUTPUT,NaN,NaN,NaN,NaN,NaN,NaN

INPUT,0.363601833581924,0.0464404039084911,0.750098824501038,-0.713975012302399,3.05988025665283,1.22866916656494,K,6
OUTPUT,NaN,NaN,NaN,NaN,NaN,NaN

INPUT,0.367752522230148,0.0475874952971935,0.760785162448883,-0.80242121219635,3.0542619228363,1.34081196784973,K,7
OUTPUT,NaN,NaN,NaN,NaN,NaN,NaN

INPUT,0.370717287063599,0.0484068468213081,0.768418252468109,-0.866452813148499,3.05077576637268,1.42008626461029,K,8
OUTPUT,NaN,NaN,NaN,NaN,NaN,NaN

INPUT,0.372496157884598,0.0488984547555447,0.772998094558716,-0.905138909816742,3.04890418052673,1.46739423274994,K,9
OUTPUT,NaN,NaN,NaN,NaN,NaN,NaN

INPUT,0.356578350067139,0.0441229864954948,0.741599917411804,-0.49542236328125,3.04077482223511,1.06598627567291,K,5
OUTPUT,NaN,NaN,NaN,NaN,NaN,NaN

INPUT,0.360643237829208,0.0452336557209492,0.752865135669708,-0.580494940280914,3.0303008556366,1.18573844432831,K,6
OUTPUT,NaN,NaN,NaN,NaN,NaN,NaN

INPUT,0.363804817199707,0.0460975058376789,0.761627018451691,-0.648719668388367,3.02293467521667,1.27689969539642,K,7
OUTPUT,NaN,NaN,NaN,NaN,NaN,NaN

INPUT,0.366063117980957,0.0467145442962646,0.767885446548462,-0.69827538728714,3.01812243461609,1.34123206138611,K,8
OUTPUT,NaN,NaN,NaN,NaN,NaN,NaN

INPUT,0.367418080568314,0.0470847673714161,0.771640539169312,-0.728278875350952,3.01542258262634,1.3795770406723,K,9
OUTPUT,NaN,NaN,NaN,NaN,NaN,NaN

INPUT,0.342016756534576,0.0610989630222321,0.740384757518768,-0.501069784164429,2.95501255989075,1.0477911233902,K,13
OUTPUT,NaN,NaN,NaN,NaN,NaN,NaN

INPUT,0.344218850135803,0.063629150390625,0.75125789642334,-0.575198471546173,2.94136786460876,1.12207698822021,K,14
OUTPUT,NaN,NaN,NaN,NaN,NaN,NaN

INPUT,0.34642094373703,0.0661593377590179,0.762131154537201,-0.649434328079224,2.92881941795349,1.19645071029663,K,15
OUTPUT,NaN,NaN,NaN,NaN,NaN,NaN

INPUT,0.348402857780457,0.06843651086092,0.771917045116425,-0.716334342956543,2.91852164268494,1.26346206665039,K,16
OUTPUT,NaN,NaN,NaN,NaN,NaN,NaN

INPUT,0.349944323301315,0.0702076405286789,0.779528260231018,-0.768421947956085,2.91119599342346,1.31562983989716,K,17
OUTPUT,NaN,NaN,NaN,NaN,NaN,NaN

INPUT,0.351045370101929,0.0714727342128754,0.784964859485626,-0.805654942989349,2.90634250640869,1.35291707515717,K,18
OUTPUT,NaN,NaN,NaN,NaN,NaN,NaN

INPUT,0.351705998182297,0.0722317844629288,0.788226842880249,-0.828005194664001,2.90358543395996,1.3752988576889,K,19
OUTPUT,NaN,NaN,NaN,NaN,NaN,NaN

INPUT,0.351926207542419,0.0724848061800003,0.789314150810242,-0.835456967353821,2.90269255638123,1.38276088237762,K,20
OUTPUT,NaN,NaN,NaN,NaN,NaN,NaN

INPUT,0.350521773099899,0.044808778911829,0.732642889022827,-0.39329394698143,3.06693005561829,1.03059673309326,K,12
OUTPUT,NaN,NaN,NaN,NaN,NaN,NaN

INPUT,0.353851020336151,0.0458905063569546,0.743845760822296,-0.468157052993774,3.06054759025574,1.10575020313263,K,13
OUTPUT,NaN,NaN,NaN,NaN,NaN,NaN

INPUT,0.357180237770081,0.0469722338020802,0.75504869222641,-0.543059408664703,3.05462050437927,1.18090212345123,K,14
OUTPUT,NaN,NaN,NaN,NaN,NaN,NaN

INPUT,0.360509485006332,0.0480539612472057,0.766251564025879,-0.61799567937851,3.04918217658997,1.25605702400208,K,15
OUTPUT,NaN,NaN,NaN,NaN,NaN,NaN

INPUT,0.363505780696869,0.0490275174379349,0.776334166526794,-0.685463786125183,3.04473114013672,1.32370209693909,K,16
OUTPUT,NaN,NaN,NaN,NaN,NaN,NaN

INPUT,0.365836262702942,0.0497847236692905,0.784176170825958,-0.737953662872314,3.0415735244751,1.37631905078888,K,17
OUTPUT,NaN,NaN,NaN,NaN,NaN,NaN

INPUT,0.367500871419907,0.0503255911171436,0.789777636528015,-0.775453746318817,3.03948616981506,1.41390526294708,K,18
OUTPUT,NaN,NaN,NaN,NaN,NaN,NaN

INPUT,0.368499636650085,0.0506501048803329,0.79313850402832,-0.79795640707016,3.0383026599884,1.43645799160004,K,19
OUTPUT,NaN,NaN,NaN,NaN,NaN,NaN

INPUT,0.368832558393478,0.0507582798600197,0.794258773326874,-0.805457770824432,3.03791975975037,1.44397580623627,K,20
OUTPUT,NaN,NaN,NaN,NaN,NaN,NaN

INPUT,0.360247015953064,0.0405447706580162,0.737591147422791,-0.623233258724213,3.10204553604126,0.914338529109955,K,5
OUTPUT,NaN,NaN,NaN,NaN,NaN,NaN

INPUT,0.365739077329636,0.04139444231987,0.751339077949524,-0.720150768756866,3.09703302383423,1.05245196819305,K,6
OUTPUT,NaN,NaN,NaN,NaN,NaN,NaN

INPUT,0.370010644197464,0.0420552976429462,0.762031853199005,-0.798361897468567,3.09354519844055,1.15705955028534,K,7
OUTPUT,NaN,NaN,NaN,NaN,NaN,NaN

INPUT,0.373061805963516,0.0425273403525352,0.769669592380524,-0.85530149936676,3.09129333496094,1.23071372509003,K,8
OUTPUT,NaN,NaN,NaN,NaN,NaN,NaN

INPUT,0.374892473220825,0.0428105667233467,0.774252235889435,-0.889805436134338,3.09004306793213,1.27456939220428,K,9
OUTPUT,NaN,NaN,NaN,NaN,NaN,NaN

INPUT,0.356154680252075,0.0451243817806244,0.736095249652863,-0.507789134979248,3.06145358085632,1.07044458389282,K,5
OUTPUT,NaN,NaN,NaN,NaN,NaN,NaN

INPUT,0.361234933137894,0.0466152504086494,0.749872803688049,-0.61253958940506,3.05180692672729,1.20724093914032,K,6
OUTPUT,NaN,NaN,NaN,NaN,NaN,NaN

INPUT,0.365186214447021,0.0477748177945614,0.760588645935059,-0.696137666702271,3.0451877117157,1.31158018112183,K,7
OUTPUT,NaN,NaN,NaN,NaN,NaN,NaN

INPUT,0.368008553981781,0.0486030764877796,0.76824277639389,-0.756660401821136,3.04097104072571,1.38533306121826,K,8
OUTPUT,NaN,NaN,NaN,NaN,NaN,NaN

INPUT,0.369701981544495,0.0491000339388847,0.772835314273834,-0.793230533599854,3.03865504264832,1.42934143543243,K,9
OUTPUT,NaN,NaN,NaN,NaN,NaN,NaN

INPUT,0.34936934709549,0.0635385438799858,0.749336957931519,-0.666868448257446,2.93057060241699,1.16973602771759,K,6
OUTPUT,NaN,NaN,NaN,NaN,NaN,NaN

INPUT,0.351876974105835,0.065917007625103,0.758325517177582,-0.739867389202118,2.91738724708557,1.2635440826416,K,7
OUTPUT,NaN,NaN,NaN,NaN,NaN,NaN

INPUT,0.353668123483658,0.0676159113645554,0.764745891094208,-0.79276704788208,2.90889978408813,1.32993602752686,K,8
OUTPUT,NaN,NaN,NaN,NaN,NaN,NaN

INPUT,0.354742825031281,0.0686352476477623,0.768598139286041,-0.824756681919098,2.90419483184814,1.36957597732544,K,9
OUTPUT,NaN,NaN,NaN,NaN,NaN,NaN

INPUT,0.351665139198303,0.0429722517728806,0.732592225074768,-0.560401856899261,3.08214068412781,0.996667563915253,K,12
OUTPUT,NaN,NaN,NaN,NaN,NaN,NaN

INPUT,0.355113625526428,0.0438604317605495,0.743791878223419,-0.642060160636902,3.07728362083435,1.07899761199951,K,13
OUTPUT,NaN,NaN,NaN,NaN,NaN,NaN

INPUT,0.358562111854553,0.0447486154735088,0.754991590976715,-0.72377598285675,3.07285809516907,1.16129457950592,K,14
OUTPUT,NaN,NaN,NaN,NaN,NaN,NaN

INPUT,0.362010598182678,0.0456367954611778,0.766191244125366,-0.805537343025208,3.0688943862915,1.24357008934021,K,15
OUTPUT,NaN,NaN,NaN,NaN,NaN,NaN

INPUT,0.365114212036133,0.0464361570775509,0.776270985603333,-0.879153609275818,3.06574392318726,1.31760561466217,K,16
OUTPUT,NaN,NaN,NaN,NaN,NaN,NaN

INPUT,0.367528140544891,0.0470578856766224,0.784110724925995,-0.936427474021912,3.06357836723328,1.37518358230591,K,17
OUTPUT,NaN,NaN,NaN,NaN,NaN,NaN

INPUT,0.369252383708954,0.0475019738078117,0.789710581302643,-0.977345049381256,3.06218814849854,1.41630876064301,K,18
OUTPUT,NaN,NaN,NaN,NaN,NaN,NaN

INPUT,0.37028694152832,0.0477684289216995,0.793070495128632,-1.00189828872681,3.06141829490662,1.44098317623138,K,19
OUTPUT,NaN,NaN,NaN,NaN,NaN,NaN

INPUT,0.370631784200668,0.0478572472929955,0.794190466403961,-1.01008307933807,3.06117224693298,1.44920790195465,K,20
OUTPUT,NaN,NaN,NaN,NaN,NaN,NaN

INPUT,0.35391503572464,0.0401495285332203,0.732759892940521,-0.387081682682037,3.09295749664307,1.05865168571472,K,12
OUTPUT,NaN,NaN,NaN,NaN,NaN,NaN

INPUT,0.357601463794708,0.0407407395541668,0.743975341320038,-0.463015466928482,3.088791847229,1.13494682312012,K,13
OUTPUT,NaN,NaN,NaN,NaN,NaN,NaN

INPUT,0.361287862062454,0.0413319505751133,0.75519073009491,-0.538982808589935,3.08493161201477,1.21122431755066,K,14
OUTPUT,NaN,NaN,NaN,NaN,NaN,NaN

INPUT,0.3649742603302,0.0419231615960598,0.766406118869781,-0.614977300167084,3.08139944076538,1.28749096393585,K,15
OUTPUT,NaN,NaN,NaN,NaN,NaN,NaN

INPUT,0.368292033672333,0.0424552522599697,0.776500046253204,-0.683391213417053,3.07851791381836,1.35612499713898,K,16
OUTPUT,NaN,NaN,NaN,NaN,NaN,NaN

INPUT,0.370872527360916,0.0428690984845161,0.78435081243515,-0.736612677574158,3.07648062705994,1.40950465202332,K,17
OUTPUT,NaN,NaN,NaN,NaN,NaN,NaN

INPUT,0.37271574139595,0.0431647039949894,0.789958536624908,-0.774632930755615,3.07513833045959,1.44763219356537,K,18
OUTPUT,NaN,NaN,NaN,NaN,NaN,NaN

INPUT,0.373821645975113,0.0433420687913895,0.793323159217834,-0.797446727752686,3.07437896728516,1.47050857543945,K,19
OUTPUT,NaN,NaN,NaN,NaN,NaN,NaN

INPUT,0.374190300703049,0.0434011891484261,0.794444680213928,-0.805051684379578,3.07413363456726,1.47813391685486,K,20
OUTPUT,NaN,NaN,NaN,NaN,NaN,NaN

